Workbook
Name AREA_CATEGORY: INDEX!$F$514:$G$515
Name EQUIPMENT_SLOT: INDEX!$B$410:$C$414
Name EQUIPMENT_TIER: INDEX!$F$410:$G$417
Name GAIN_TYPE: INDEX!$B$514:$C$536
Name ID규칙_고유무기_아이디_단위: INDEX!$L$6
Name ID규칙_기본능력치그룹_단위: [1]INDEX!$L$39
Name ID규칙_기본능력치그룹_단위: INDEX!$L$39
Name ID규칙_대사_그룹_단위: [1]INDEX!$L$231
Name ID규칙_대사_그룹_단위: INDEX!$L$231
Name ID규칙_대상_장비_아이디_단위: INDEX!$L$471
Name ID규칙_등급_단위: [1]INDEX!$L$159
Name ID규칙_등급_단위: INDEX!$L$159
Name ID규칙_사용학생_아이디_단위: [1]INDEX!$L$5
Name ID규칙_사용학생_아이디_단위: INDEX!$L$5
Name ID규칙_스테이지_난이도_단위: INDEX!$L$544
Name ID규칙_스테이지_아이디_단위: INDEX!$L$543
Name ID규칙_스테이지_챕터_단위: INDEX!$L$545
Name ID규칙_슬롯_단위: INDEX!$L$393
Name ID규칙_아이템_구분_단위: [1]INDEX!$L$562
Name ID규칙_아이템_구분_단위: INDEX!$L$562
Name ID규칙_아이템_타입_단위: [1]INDEX!$L$563
Name ID규칙_아이템_타입_단위: INDEX!$L$563
Name ID규칙_애용품_강화_스킬_그룹_단위: [1]INDEX!$L$340
Name ID규칙_애용품_강화_스킬_그룹_단위: INDEX!$L$340
Name ID규칙_애용품_그룹_단위: [1]INDEX!$L$283
Name ID규칙_애용품_그룹_단위: INDEX!$L$283
Name ID규칙_애용품_아이디_단위: [1]INDEX!$L$282
Name ID규칙_애용품_아이디_단위: INDEX!$L$282
Name ID규칙_애용품_티어_단위: [1]INDEX!$L$283
Name ID규칙_애용품_티어_단위: INDEX!$L$283
Name ID규칙_장비_아이디_단위: INDEX!$L$392
Name ID규칙_장비성장_그룹_단위: INDEX!$L$424
Name ID규칙_장비성장_티어_단위: INDEX!$L$425
Name ID규칙_티어_단위: INDEX!$L$394
Name ID규칙_학생_등급_단위: [1]INDEX!$L$183
Name ID규칙_학생_등급_단위: INDEX!$L$183
Name ID규칙_학생_상세_역할_단위: [1]INDEX!$L$182
Name ID규칙_학생_상세_역할_단위: INDEX!$L$182
Name ID규칙_학생_역할_단위: [1]INDEX!$L$181
Name ID규칙_학생_역할_단위: INDEX!$L$181
Name ID규칙_한계_해방_그룹_단위: [1]INDEX!$L$67
Name ID규칙_한계_해방_그룹_단위: INDEX!$L$67
Name ID규칙_획득처_그룹_단위: [1]INDEX!$L$502
Name ID규칙_획득처_그룹_단위: INDEX!$L$502
Name INDEX_WEAPON_TYPE: INDEX!$B$22:$D$32
Name ITEM_FILTER: INDEX!$B$577:$C$582
Name ITEM_TYPE: INDEX!$F$577:$G$592
Name LINK_STUDENT_SPEECH: STRING!$A$305:$B$5017
Name MAIN_STATS_TYPE: INDEX!$B$448:$C$464
Name SKILL_TYPE: [1]INDEX!$B$107:$C$128
Name SKILL_TYPE: INDEX!$B$107:$C$128
Name SPEECH_MAIN_TYPE: [1]INDEX!$B$245:$C$252
Name SPEECH_MAIN_TYPE: INDEX!$B$245:$C$252
Name SPEECH_SUB_TYPE: [1]INDEX!$F$245:$G$275
Name SPEECH_SUB_TYPE: INDEX!$F$245:$G$275
Name STAGE_DIFFICULTY: INDEX!$B$554:$C$555
Name STATS_TYPE: [1]INDEX!$B$58:$C$60
Name STATS_TYPE: INDEX!$B$58:$C$60
Name UNIQUE_CONDITION_TYPE: [1]INDEX!$B$364:$C$371
Name UNIQUE_CONDITION_TYPE: INDEX!$B$364:$C$371

Sheet DATA
G1: 데이터 구조
B2: ※ 각 제목 클릭 시 해당 테이블로 이등
C4: WEAPON_EXP_INFO | E4: WEAPON_STATUS | G4: WEAPON | I4: STUDENT | K4: STUDENT_SPEECH
C5: ID | E5: ID | G5: ID | I5: ID | K5: ID
C6: RANK | E6: STATUS_GROUP | G6: USED_STUDENT_ID | I6: ROLE | K6: SPEECH_GROUP
C7: LEVEL | E7: LEVEL | G7: WEAPON_TYPE | I7: DETAIL_ROLE | K7: MAIN_TYPE
C8: NEED_EXP | E8: STATUS_TYPE_1 | G8: STATUS_GROUP | I8: RANK | K8: SUB_TYPE
C9: ACCURE_EXP | E9: STATUS_VALUE_1 | G9: LIMIT_BREAK_GROUP | I9: MAX_LEVEL | K9: SUB_TYPE_VALUE
C10: NEED_CREDIT | E10: ISRATE_1 | G10: WEAPON_NAME | I10: POSITION_TYPE | K10: SPEECH_DESC
E11: STATUS_TYPE_2 | G11: WEAPON_IMAGE | I11: OFFENSE_TYPE | K11: SPEECH_AUDIO
E12: STATUS_VALUE_2 | G12: WEAPON_DESC | I12: DEFENSE_TYPE
E13: ISRATE_2 | I13: CITY_WAR_RANK
E14: STATUS_TYPE_3 | I14: OUTSIDE_WAR_RANK | K14: UNIQUE_SKILL_REINFORCE
E15: STATUS_VALUE_3 | I15: INSIDE_WAR_RANK | K15: ID
E16: ISRATE_3 | I16: SPEECH_GROUP | K16: UNIQUE_SKILL_REINFORCE_GROUP
I17: UNIQUE_ITEM_GROUP | K17: SKILL_LEVEL
I18: STUDENT_NAME | K18: CONDITION_TYPE_1
E19: WEAPON_LIMIT_BREAK | I19: STUDENT_IMAGE | K19: OPTION_TYPE_1
C20: SKILL_REINFORCE | E20: ID | K20: OPTION_VALUE_1
C21: ID | E21: LIMIT_BREAK_GROUP | G21: ITEM | K21: OPTION_ISRATE_1
C22: SKILL_REINFORCE_GROUP | E22: LIMIT_BREAK_RANK | G22: ID | I22: STUDENT_UNIQUE_ITEM | K22: TIME_1
C23: SKILL_LEVEL | E23: MAX_LEVEL | G23: ITEM_FILTER | I23: ID | K23: COUNT_1
C24: SKILL_TYPE | E24: ITEM_ID | G24: ITEM_TYPE | I24: UNIQUE_ITEM_GROUP | K24: COOLTIME_1
C25: SKILL_VALUE | E25: NEED_ELEPH | G25: GAIN_GROUP | I25: TIER | K25: CONDITION_TYPE_2
C26: ISRATE | E26: NEED_CREDIT | G26: STACK | I26: SLOT | K26: OPTION_TYPE_2
C27: SKILL_REINFORCE_NAME | E27: SKILL_REINFORCE_GROUP | G27: ITEM_NAME | I27: UNIQUE_LIMIT_BREAK_ID | K27: OPTION_VALUE_2
C28: SKILL_REINFORCE_ICON | E28: WARFARE_REINFORCE_ID | G28: ITEM_ICON | I28: UNIQUE_ITEM_NAME | K28: OPTION_ISRATE_2
G29: ITEM_DESC | I29: UNIQUE_ITEM_IMAGE | K29: TIME_2
I30: UNIQUE_ITEM_DESC | K30: COUNT_2
C31: WARFARE_REINFORCE | K31: COOLTIME_2
C32: ID | G32: GAIN_INFO
C33: WARFARE_TYPE | G33: ID | I33: STUDENT_UNIQUE_LIMIT_BREAK
C34: WARFARE_RANK | G34: GAIN_GROUP | I34: ID
C35: WARFARE_DESC | G35: GAIN_TYPE | I35: NEED_RELATIONSHIP
C36: WARFARE_ICON | G36: VALUE | I36: NEED_CREDIT
G37: GAIN_NAME | I37: ITEM_ID_1
I38: ITEM_COUNT_1
I39: ITEM_ID_2
I40: ITEM_COUNT_2
I41: ITEM_ID_3
I42: ITEM_COUNT_3
I43: OPTION_TYPE
I44: SUB_OPTION_TYPE
I45: OPTION_VALUE

Sheet COMMON
A1: 내용 | B1: 타입 | C1: 값 | D1: #내용
A2: KEY | B2: TYPE | C2: VALUE | D2: 참조
A3: WEAPON_LIMIT_BREAK_RANK | B3: INT | C3: 5 | D3: 학생 신비 해방 달성 (5등급)

Sheet INDEX
B3: INDEX_WEAPON
B4: ID 규칙
B5: 0 | C5: 0 | D5: 0 | E5: 0 | F5: 1 | G5: 0 | H5: 1 | K5: 사용 학생 아이디 단위 | L5: 100
B6: USED_STUDENT_ID | G6: WEAPON_TYPE
B8: 한글 변수 | C8: 영어 변수 | E8: 자료형 | F8: 설명
B9: 아이디 | C9: ID | E9: INT | F9: 고유무기 아이디
B10: 사용 학생 아이디 | C10: USED_STUDENT_ID | E10: INT | F10: 사용 학생의 아이디 값
B11: 고유무기 타입 | C11: WEAPON_TYPE | E11: INT | F11: 고유무기의 타입
B12: 기본 능력치 그룹 | C12: STATUS_GROUP | E12: INT | F12: 고유무기의 기본 능력치 그룹
B13: 한계 해방 그룹 | C13: LIMIT_BREAK_GROUP | E13: INT | F13: 고유무기의 한계 해방 그룹
B14: 스킬 강화 그룹 | C14: SKILL_REINFORCE_GROUP | E14: INT | F14: 고유무기가 ★2 달성 시 강화되는 스킬 그룹
B15: 상성 강화 그룹 | C15: WARFARE_REINFORCE_ID | E15: INT | F15: 고유무기가 ★3 달성 시 강화되는 상성 그룹
B16: 고유무기 이름 | C16: WEAPON_NAME | E16: STRING | F16: 고유무기 이름
B17: 고유무기 이미지 | C17: WEAPON_IMAGE | E17: STRING | F17: 고유무기 이미지
B18: 고유무기 설명 | C18: WEAPON_DESC | E18: STRING | F18: 고유무기 설명
B20: WEAPON_TYPE
B21: INDEX | C21: 영문 설명 | D21: 한글 설명
B22: 1 | C22: HG | D22: 권총
B23: 2 | C23: SMG | D23: 기관단총
B24: 3 | C24: AR | D24: 돌격소총
B25: 4 | C25: SR | D25: 저격총
B26: 5 | C26: SG | D26: 샷건
B27: 6 | C27: MG | D27: 기관총
B28: 7 | C28: GL | D28: 유탄발사기
B29: 8 | C29: RL | D29: 로켓 런처
B30: 9 | C30: RG | D30: 레일건
B31: 10 | C31: MT | D31: 박격포
B32: 11 | C32: FT | D32: 화염방사기
B37: INDEX_WEAPON_STATUS
B38: ID 규칙
B39: 0 | C39: 1 | D39: 0 | E39: 0 | F39: 1 | K39: 기본 능력치 그룹 단위 | L39: 1000
B40: BASIC_STATUS_GROUP | F40: 순번
B42: 한글 변수 | C42: 영어 변수 | E42: 자료형 | F42: 설명
B43: 아이디 | C43: ID | E43: INT | F43: 기본 능력치 아이디
B44: 기본 능력치 그룹 | C44: STATUS_GROUP | E44: INT | F44: 기본 능력치 그룹
B45: 레벨 | C45: LEVEL | E45: INT | F45: 고유무기의 레벨
B46: 능력치 타입_1 | C46: STATUS_TYPE_1 | E46: INT | F46: 고유무기의 능력치 타입 (첫 번째)
B47: 능력치 값_1 | C47: STATUS_VALUE_1 | E47: INT | F47: 고유무기 능력치의 값 (첫 번째)
B48: 비율_1 | C48: ISRATE_1 | E48: INT | F48: 능력치 비율의 여부 (첫 번째)
B49: 능력치 타입_2 | C49: STATUS_TYPE_2 | E49: INT | F49: 고유무기의 능력치 타입 (두 번째)
B50: 능력치 값_2 | C50: STATUS_VALUE_2 | E50: INT | F50: 고유무기 능력치의 값 (두 번째)
B51: 비율_2 | C51: ISRATE_2 | E51: INT | F51: 능력치 비율의 여부 (두 번째)
B52: 능력치 타입_3 | C52: STATUS_TYPE_3 | E52: INT | F52: 고유무기의 능력치 타입 (세 번째)
B53: 능력치 값_3 | C53: STATUS_VALUE_3 | E53: INT | F53: 고유무기 능력치의 값 (세 번째)
B54: 비율_3 | C54: ISRATE_3 | E54: INT | F54: 능력치 비율의 여부 (세 번째)
B56: STATUS_TYPE | F56: ISRATE
B57: INDEX | C57: 설명 | F57: INDEX | G57: 설명
B58: 1 | C58: 공격력 | F58: 0 | G58: 정수
B59: 2 | C59: 최대 체력 | F59: 1 | G59: 비율
B60: 3 | C60: 치유력
B65: INDEX_WEAPON_LIMIT_BREAK
B66: ID 규칙
B67: 0 | C67: 0 | D67: 0 | E67: 0 | F67: 1 | G67: 1 | K67: 한계 해방 그룹 단위 | L67: 10
B68: LIMIT_BREAK_GROUP | G68: LIMIT_BREAK_RANK
B70: 한글 변수 | C70: 영어 변수 | E70: 자료형 | F70: 설명
B71: 아이디 | C71: ID | E71: INT | F71: 한계 해방 아이디
B72: 한계 해방 그룹 | C72: LIMIT_BREAK_GROUP | E72: INT | F72: 한계 해방 그룹
B73: 해방 등급 | C73: LIMIT_BREAK_RANK | E73: INT | F73: 해방할 수 있는 등급
B74: 등급 내 최대 레벨 | C74: MAX_LEVEL | E74: INT | F74: 등급 안에서의 최대 레벨
B75: 아이템 아이디 | C75: ITEM_ID | E75: INT | F75: 해방 시 소모되는 아이템의 아이디
B76: 필요 엘레프 조각 | C76: NEED_ELEPH | E76: INT | F76: 해방 시 소모되는 엘레프 조각의 개수
B77: 필요 크레딧 | C77: NEED_CREDIT | E77: INT | F77: 해방 시 소모되는 크레딧
B78: 강화 스킬 그룹 | C78: SKILL_REINFORCE_GROUP | E78: INT | F78: 해당 등급에서 강화되는 스킬의 그룹
B79: 상성 강화 아이디 | C79: WARFARE_REINFORCE_ID | E79: INT | F79: 해당 등급에서 강화되는 상성의 아이디
B81: LIMIT_BREAK_RANK
B82: INDEX | C82: 설명
B83: 1 | C83: ★1
B84: 2 | C84: ★2
B85: 3 | C85: ★3
B90: INDEX_SKILL_REINFORCE
B91: ID 규칙
B92: 0 | C92: 0 | D92: 0 | E92: 0 | F92: 1 | G92: 0 | H92: 1 | K92: 강화 스킬 그룹 단위 | L92: 100
B93: SKILL_REINFORCE_GROUP | G93: SKILL_LEVEL
B95: 한글 변수 | C95: 영어 변수 | E95: 자료형 | F95: 설명
B96: 아이디 | C96: ID | E96: INT | F96: 강화 스킬 아이디
B97: 강화 스킬 그룹 | C97: SKILL_REINFORCE_GROUP | E97: INT | F97: 강화 스킬 그룹
B98: 스킬 레벨 | C98: SKILL_LEVEL | E98: INT | F98: 스킬 레벨
B99: 스킬 타입 | C99: SKILL_TYPE | E99: INT | F99: 스킬의 타입
B100: 스킬 값 | C100: SKILL_VALUE | E100: INT | F100: 스킬의 값
B101: 비율 | C101: ISRATE | E101: INT | F101: 스킬 비율의 여부
B102: 강화 스킬 이름 | C102: SKILL_REINFORCE_NAME | E102: STRING | F102: 강화 스킬 이름
B103: 강화 스킬 아이콘 | C103: SKILL_REINFORCE_ICON | E103: STRING | F103: 강화 스킬 아이콘
B105: SKILL_TYPE | F105: ISRATE
B106: INDEX | C106: 설명 | F106: INDEX | G106: 설명
B107: 1 | C107: 공격력 | F107: 0 | G107: 정수
B108: 2 | C108: 치명 대미지 | F108: 1 | G108: 비율
B109: 3 | C109: 치명 수치
B110: 4 | C110: 명중률
B111: 5 | C111: 최대 체력
B112: 6 | C112: 받는 회복 효과 강화율
B113: 7 | C113: 회피 수치
B114: 8 | C114: 방어력
B115: 9 | C115: 군중 제어 저항력
B116: 10 | C116: 군중 제어 강화력
B117: 11 | C117: 치유력
B118: 12 | C118: 치명 저항력
B119: 13 | C119: 치명 대미지 저항률
B120: 14 | C120: 체력
... B128: 22 | C128: 장탄 수
B133: INDEX_WARFARE_REINFORCE
...

Sheet WEAPON
A1: 아이디 | B1: #고유무기 이름 | C1: #학생 이름 | D1: 사용 학생 아이디 | E1: 고유무기 타입 | F1: 기본 능력치 그룹 | G1: 한계 해방 그룹 | H1: 고유무기 이름 | I1: 고유무기 이미지 | J1: 고유무기 설명
A2: ID | B2: WEAPON_NAME | C2: STUDENT_NAME | D2: USED_STUDENT_ID | E2: WEAPON_TYPE | F2: STATUS_GROUP | G2: LIMIT_BREAK_GROUP | H2: WEAPON_NAME | I2: WEAPON_IMAGE | J2: WEAPON_DESC
A3: int | B3: 참조 | C3: 참조 | D3: int | E3: int | F3: int | G3: int | H3: string | I3: string | J3: string
A4: =D4*ID규칙_사용학생_아이디_단위+E4 -> 1130103 | B4: WHITE FANG 465 | C4: 시로코 | D4: =INDEX(STUDENT!$A$4:$A$99,MATCH(WEAPON!C4,STUDENT!$B$4:$B$99,0)) -> 11301 | E4: 3 | F4: =INDEX(WEAPON_STATUS!$C:$C,MATCH(B4,WEAPON_STATUS!$B:$B,0)) -> 11301 | G4: =INDEX(WEAPON_LIMIT_BREAK!C:C,MATCH(B4,WEAPON_LIMIT_BREAK!B:B,0)) -> 11301 | H4: ="WEAPON_NAME_"&A4 -> WEAPON_NAME_1130103 | I4: ="WEAPON_IMAGE_"&A4 -> WEAPON_IMAGE_1130103 | J4: ="WEAPON_DESC_"&A4 -> WEAPON_DESC_1130103
A5: =D5*ID규칙_사용학생_아이디_단위+E5 -> 1230205 | B5: 호루스의 눈 | C5: 호시노 | D5: =INDEX(STUDENT!$A$4:$A$99,MATCH(WEAPON!C5,STUDENT!$B$4:$B$99,0)) -> 12302 | E5: 5 | F5: =INDEX(WEAPON_STATUS!$C:$C,MATCH(B5,WEAPON_STATUS!$B:$B,0)) -> 12302 | G5: =INDEX(WEAPON_LIMIT_BREAK!C:C,MATCH(B5,WEAPON_LIMIT_BREAK!B:B,0)) -> 12302 | H5: ="WEAPON_NAME_"&A5 -> WEAPON_NAME_1230205 | I5: ="WEAPON_IMAGE_"&A5 -> WEAPON_IMAGE_1230205 | J5: ="WEAPON_DESC_"&A5 -> WEAPON_DESC_1230205
A6: =D6*ID규칙_사용학생_아이디_단위+E6 -> 1120303 | B6: 신시어리티 | C6: 세리카 | D6: =INDEX(STUDENT!$A$4:$A$99,MATCH(WEAPON!C6,STUDENT!$B$4:$B$99,0)) -> 11203 | E6: 3 | F6: =INDEX(WEAPON_STATUS!$C:$C,MATCH(B6,WEAPON_STATUS!$B:$B,0)) -> 11203 | G6: =INDEX(WEAPON_LIMIT_BREAK!C:C,MATCH(B6,WEAPON_LIMIT_BREAK!B:B,0)) -> 11203 | H6: ="WEAPON_NAME_"&A6 -> WEAPON_NAME_1120303 | I6: ="WEAPON_IMAGE_"&A6 -> WEAPON_IMAGE_1120303 | J6: ="WEAPON_DESC_"&A6 -> WEAPON_DESC_1120303
A7: =D7*ID규칙_사용학생_아이디_단위+E7 -> 1120406 | B7: 미니 NO.5 | C7: 노노미 | D7: =INDEX(STUDENT!$A$4:$A$99,MATCH(WEAPON!C7,STUDENT!$B$4:$B$99,0)) -> 11204 | E7: 6 | F7: =INDEX(WEAPON_STATUS!$C:$C,MATCH(B7,WEAPON_STATUS!$B:$B,0)) -> 11204 | G7: =INDEX(WEAPON_LIMIT_BREAK!C:C,MATCH(B7,WEAPON_LIMIT_BREAK!B:B,0)) -> 11204 | H7: ="WEAPON_NAME_"&A7 -> WEAPON_NAME_1120406 | I7: ="WEAPON_IMAGE_"&A7 -> WEAPON_IMAGE_1120406 | J7: ="WEAPON_DESC_"&A7 -> WEAPON_DESC_1120406
A8: =D8*ID규칙_사용학생_아이디_단위+E8 -> 2320101 | B8: 상식적 수단 | C8: 아야네 | D8: =INDEX(STUDENT!$A$4:$A$99,MATCH(WEAPON!C8,STUDENT!$B$4:$B$99,0)) -> 23201 | E8: 1 | F8: =INDEX(WEAPON_STATUS!$C:$C,MATCH(B8,WEAPON_STATUS!$B:$B,0)) -> 23201 | G8: =INDEX(WEAPON_LIMIT_BREAK!C:C,MATCH(B8,WEAPON_LIMIT_BREAK!B:B,0)) -> 23201 | H8: ="WEAPON_NAME_"&A8 -> WEAPON_NAME_2320101 | I8: ="WEAPON_IMAGE_"&A8 -> WEAPON_IMAGE_2320101 | J8: ="WEAPON_DESC_"&A8 -> WEAPON_DESC_2320101
A9: =D9*ID규칙_사용학생_아이디_단위+E9 -> 1130504 | B9: 와인레드·어드마이어 | C9: 아루 | D9: =INDEX(STUDENT!$A$4:$A$99,MATCH(WEAPON!C9,STUDENT!$B$4:$B$99,0)) -> 11305 | E9: 4 | F9: =INDEX(WEAPON_STATUS!$C:$C,MATCH(B9,WEAPON_STATUS!$B:$B,0)) -> 11305 | G9: =INDEX(WEAPON_LIMIT_BREAK!C:C,MATCH(B9,WEAPON_LIMIT_BREAK!B:B,0)) -> 11305 | H9: ="WEAPON_NAME_"&A9 -> WEAPON_NAME_1130504 | I9: ="WEAPON_IMAGE_"&A9 -> WEAPON_IMAGE_1130504 | J9: ="WEAPON_DESC_"&A9 -> WEAPON_DESC_1130504
A10: =D10*ID규칙_사용학생_아이디_단위+E10 -> 1120606 | B10: 트릭 오어 트릭 | C10: 무츠키 | D10: =INDEX(STUDENT!$A$4:$A$99,MATCH(WEAPON!C10,STUDENT!$B$4:$B$99,0)) -> 11206 | E10: 6 | F10: =INDEX(WEAPON_STATUS!$C:$C,MATCH(B10,WEAPON_STATUS!$B:$B,0)) -> 11206 | G10: =INDEX(WEAPON_LIMIT_BREAK!C:C,MATCH(B10,WEAPON_LIMIT_BREAK!B:B,0)) -> 11206 | H10: ="WEAPON_NAME_"&A10 -> WEAPON_NAME_1120606 | I10: ="WEAPON_IMAGE_"&A10 -> WEAPON_IMAGE_1120606 | J10: ="WEAPON_DESC_"&A10 -> WEAPON_DESC_1120606
A11: =D11*ID규칙_사용학생_아이디_단위+E11 -> 1420701 | B11: 데몬스 로어 | C11: 카요코 | D11: =INDEX(STUDENT!$A$4:$A$99,MATCH(WEAPON!C11,STUDENT!$B$4:$B$99,0)) -> 14207 | E11: 1 | F11: =INDEX(WEAPON_STATUS!$C:$C,MATCH(B11,WEAPON_STATUS!$B:$B,0)) -> 14207 | G11: =INDEX(WEAPON_LIMIT_BREAK!C:C,MATCH(B11,WEAPON_LIMIT_BREAK!B:B,0)) -> 14207 | H11: ="WEAPON_NAME_"&A11 -> WEAPON_NAME_1420701 | I11: ="WEAPON_IMAGE_"&A11 -> WEAPON_IMAGE_1420701 | J11: ="WEAPON_DESC_"&A11 -> WEAPON_DESC_1420701
A12: =D12*ID규칙_사용학생_아이디_단위+E12 -> 1110805 | B12: 블로우 어웨이 | C12: 하루카 | D12: =INDEX(STUDENT!$A$4:$A$99,MATCH(WEAPON!C12,STUDENT!$B$4:$B$99,0)) -> 11108 | E12: 5 | F12: =INDEX(WEAPON_STATUS!$C:$C,MATCH(B12,WEAPON_STATUS!$B:$B,0)) -> 11108 | G12: =INDEX(WEAPON_LIMIT_BREAK!C:C,MATCH(B12,WEAPON_LIMIT_BREAK!B:B,0)) -> 11108 | H12: ="WEAPON_NAME_"&A12 -> WEAPON_NAME_1110805 | I12: ="WEAPON_IMAGE_"&A12 -> WEAPON_IMAGE_1110805 | J12: ="WEAPON_DESC_"&A12 -> WEAPON_DESC_1110805
A13: =D13*ID규칙_사용학생_아이디_단위+E13 -> 1130906 | B13: 종막의 디스트로이어 | C13: 히나 | D13: =INDEX(STUDENT!$A$4:$A$99,MATCH(WEAPON!C13,STUDENT!$B$4:$B$99,0)) -> 11309 | E13: 6 | F13: =INDEX(WEAPON_STATUS!$C:$C,MATCH(B13,WEAPON_STATUS!$B:$B,0)) -> 11309 | G13: =INDEX(WEAPON_LIMIT_BREAK!C:C,MATCH(B13,WEAPON_LIMIT_BREAK!B:B,0)) -> 11309 | H13: ="WEAPON_NAME_"&A13 -> WEAPON_NAME_1130906 | I13: ="WEAPON_IMAGE_"&A13 -> WEAPON_IMAGE_1130906 | J13: ="WEAPON_DESC_"&A13 -> WEAPON_DESC_1130906
A14: =D14*ID규칙_사용학생_아이디_단위+E14 -> 2430201 | B14: 핫 샷 | C14: 아코 | D14: =INDEX(STUDENT!$A$4:$A$99,MATCH(WEAPON!C14,STUDENT!$B$4:$B$99,0)) -> 24302 | E14: 1 | F14: =INDEX(WEAPON_STATUS!$C:$C,MATCH(B14,WEAPON_STATUS!$B:$B,0)) -> 24302 | G14: =INDEX(WEAPON_LIMIT_BREAK!C:C,MATCH(B14,WEAPON_LIMIT_BREAK!B:B,0)) -> 24302 | H14: ="WEAPON_NAME_"&A14 -> WEAPON_NAME_2430201 | I14: ="WEAPON_IMAGE_"&A14 -> WEAPON_IMAGE_2430201 | J14: ="WEAPON_DESC_"&A14 -> WEAPON_DESC_2430201
A15: =D15*ID규칙_사용학생_아이디_단위+E15 -> 1131004 | B15: 크랙 샷 | C15: 이오리 | D15: =INDEX(STUDENT!$A$4:$A$99,MATCH(WEAPON!C15,STUDENT!$B$4:$B$99,0)) -> 11310 | E15: 4 | F15: =INDEX(WEAPON_STATUS!$C:$C,MATCH(B15,WEAPON_STATUS!$B:$B,0)) -> 11310 | G15: =INDEX(WEAPON_LIMIT_BREAK!C:C,MATCH(B15,WEAPON_LIMIT_BREAK!B:B,0)) -> 11310 | H15: ="WEAPON_NAME_"&A15 -> WEAPON_NAME_1131004 | I15: ="WEAPON_IMAGE_"&A15 -> WEAPON_IMAGE_1131004 | J15: ="WEAPON_DESC_"&A15 -> WEAPON_DESC_1131004
... A99: =D99*ID규칙_사용학생_아이디_단위+E99 -> 2433007 | B99: 공연용 티셔츠 캐논 | C99: 미쿠 | D99: =INDEX(STUDENT!$A$4:$A$99,MATCH(WEAPON!C99,STUDENT!$B$4:$B$99,0)) -> 24330 | E99: 7 | F99: =INDEX(WEAPON_STATUS!$C:$C,MATCH(B99,WEAPON_STATUS!$B:$B,0)) -> 24330 | G99: =INDEX(WEAPON_LIMIT_BREAK!C:C,MATCH(B99,WEAPON_LIMIT_BREAK!B:B,0)) -> 24330 | H99: ="WEAPON_NAME_"&A99 -> WEAPON_NAME_2433007 | I99: ="WEAPON_IMAGE_"&A99 -> WEAPON_IMAGE_2433007 | J99: ="WEAPON_DESC_"&A99 -> WEAPON_DESC_2433007

Sheet WEAPON_STATUS
A1: 아이디 | B1: #고유무기 이름 | C1: 기본 능력치 그룹 | D1: 레벨 | E1: 능력치 타입_1 | F1: 능력치 값_1 | G1: 비율_1 | H1: 능력치 타입_2 | I1: 능력치 값_2 | J1: 비율_2 | K1: 능력치 타입_3 | L1: 능력치 값_3 | M1: 비율_3 | N1: #기본 능력치 설명_1 | O1: #기본 능력치 설명_2 | P1: #기본 능력치 설명_3
A2: ID | B2: WEAPON_NAME | C2: STATUS_GROUP | D2: LEVEL | E2: STATUS_TYPE_1 | F2: STATUS_VALUE_1 | G2: ISRATE_1 | H2: STATUS_TYPE_2 | I2: STATUS_VALUE_2 | J2: ISRATE_2 | K2: STATUS_TYPE_3 | L2: STATUS_VALUE_3 | M2: ISRATE_3 | N2: STATUS_DESC_1 | O2: STATUS_DESC_2 | P2: STATUS_DESC_3
A3: int | B3: 참조 | C3: int | D3: int | E3: int | F3: int | G3: int | H3: int | I3: int | J3: int | K3: int | L3: int | M3: int | N3: 참조 | O3: 참조 | P3: 참조
A4: =C4*ID규칙_기본능력치그룹_단위+COUNTIF($C$4:C4,C4) -> 11301001 | B4: WHITE FANG 465 | C4: =VLOOKUP(B4,WEAPON!$B:$D,3,0) -> 11301 | D4: 1 | E4: 1 | F4: 123 | G4: 0 | H4: 2 | I4: 640 | J4: 0 | K4: 0 | L4: 0 | M4: 0 | N4: =IF(E4=0,"-",VLOOKUP(E4,STATS_TYPE,2,0)&" +")&IF(E4=0,"",IF(G4=0,F4,F4/100&"%")) -> 공격력 +123 | O4: =IF(H4=0,"-",VLOOKUP(H4,STATS_TYPE,2,0)&" +")&IF(H4=0,"",IF(J4=0,I4,I4/100&"%")) -> 최대 체력 +640 | P4: =IF(K4=0,"-",VLOOKUP(K4,STATS_TYPE,2,0)&" +")&IF(K4=0,"",IF(M4=0,L4,L4/100&"%")) -> -
A5: =C5*ID규칙_기본능력치그룹_단위+COUNTIF($C$4:C5,C5) -> 11301002 | B5: WHITE FANG 465 | C5: =VLOOKUP(B5,WEAPON!$B:$D,3,0) -> 11301 | D5: 2 | E5: 1 | F5: 134 | G5: 0 | H5: 2 | I5: 698 | J5: 0 | K5: 0 | L5: 0 | M5: 0 | N5: =IF(E5=0,"-",VLOOKUP(E5,STATS_TYPE,2,0)&" +")&IF(E5=0,"",IF(G5=0,F5,F5/100&"%")) -> 공격력 +134 | O5: =IF(H5=0,"-",VLOOKUP(H5,STATS_TYPE,2,0)&" +")&IF(H5=0,"",IF(J5=0,I5,I5/100&"%")) -> 최대 체력 +698 | P5: =IF(K5=0,"-",VLOOKUP(K5,STATS_TYPE,2,0)&" +")&IF(K5=0,"",IF(M5=0,L5,L5/100&"%")) -> -
A6: =C6*ID규칙_기본능력치그룹_단위+COUNTIF($C$4:C6,C6) -> 11301003 | B6: WHITE FANG 465 | C6: =VLOOKUP(B6,WEAPON!$B:$D,3,0) -> 11301 | D6: 3 | E6: 1 | F6: 145 | G6: 0 | H6: 2 | I6: 756 | J6: 0 | K6: 0 | L6: 0 | M6: 0 | N6: =IF(E6=0,"-",VLOOKUP(E6,STATS_TYPE,2,0)&" +")&IF(E6=0,"",IF(G6=0,F6,F6/100&"%")) -> 공격력 +145 | O6: =IF(H6=0,"-",VLOOKUP(H6,STATS_TYPE,2,0)&" +")&IF(H6=0,"",IF(J6=0,I6,I6/100&"%")) -> 최대 체력 +756 | P6: =IF(K6=0,"-",VLOOKUP(K6,STATS_TYPE,2,0)&" +")&IF(K6=0,"",IF(M6=0,L6,L6/100&"%")) -> -
A7: =C7*ID규칙_기본능력치그룹_단위+COUNTIF($C$4:C7,C7) -> 11301004 | B7: WHITE FANG 465 | C7: =VLOOKUP(B7,WEAPON!$B:$D,3,0) -> 11301 | D7: 4 | E7: 1 | F7: 156 | G7: 0 | H7: 2 | I7: 815 | J7: 0 | K7: 0 | L7: 0 | M7: 0 | N7: =IF(E7=0,"-",VLOOKUP(E7,STATS_TYPE,2,0)&" +")&IF(E7=0,"",IF(G7=0,F7,F7/100&"%")) -> 공격력 +156 | O7: =IF(H7=0,"-",VLOOKUP(H7,STATS_TYPE,2,0)&" +")&IF(H7=0,"",IF(J7=0,I7,I7/100&"%")) -> 최대 체력 +815 | P7: =IF(K7=0,"-",VLOOKUP(K7,STATS_TYPE,2,0)&" +")&IF(K7=0,"",IF(M7=0,L7,L7/100&"%")) -> -
A8: =C8*ID규칙_기본능력치그룹_단위+COUNTIF($C$4:C8,C8) -> 11301005 | B8: WHITE FANG 465 | C8: =VLOOKUP(B8,WEAPON!$B:$D,3,0) -> 11301 | D8: 5 | E8: 1 | F8: 168 | G8: 0 | H8: 2 | I8: 873 | J8: 0 | K8: 0 | L8: 0 | M8: 0 | N8: =IF(E8=0,"-",VLOOKUP(E8,STATS_TYPE,2,0)&" +")&IF(E8=0,"",IF(G8=0,F8,F8/100&"%")) -> 공격력 +168 | O8: =IF(H8=0,"-",VLOOKUP(H8,STATS_TYPE,2,0)&" +")&IF(H8=0,"",IF(J8=0,I8,I8/100&"%")) -> 최대 체력 +873 | P8: =IF(K8=0,"-",VLOOKUP(K8,STATS_TYPE,2,0)&" +")&IF(K8=0,"",IF(M8=0,L8,L8/100&"%")) -> -
A9: =C9*ID규칙_기본능력치그룹_단위+COUNTIF($C$4:C9,C9) -> 11301006 | B9: WHITE FANG 465 | C9: =VLOOKUP(B9,WEAPON!$B:$D,3,0) -> 11301 | D9: 6 | E9: 1 | F9: 179 | G9: 0 | H9: 2 | I9: 931 | J9: 0 | K9: 0 | L9: 0 | M9: 0 | N9: =IF(E9=0,"-",VLOOKUP(E9,STATS_TYPE,2,0)&" +")&IF(E9=0,"",IF(G9=0,F9,F9/100&"%")) -> 공격력 +179 | O9: =IF(H9=0,"-",VLOOKUP(H9,STATS_TYPE,2,0)&" +")&IF(H9=0,"",IF(J9=0,I9,I9/100&"%")) -> 최대 체력 +931 | P9: =IF(K9=0,"-",VLOOKUP(K9,STATS_TYPE,2,0)&" +")&IF(K9=0,"",IF(M9=0,L9,L9/100&"%")) -> -
A10: =C10*ID규칙_기본능력치그룹_단위+COUNTIF($C$4:C10,C10) -> 11301007 | B10: WHITE FANG 465 | C10: =VLOOKUP(B10,WEAPON!$B:$D,3,0) -> 11301 | D10: 7 | E10: 1 | F10: 190 | G10: 0 | H10: 2 | I10: 989 | J10: 0 | K10: 0 | L10: 0 | M10: 0 | N10: =IF(E10=0,"-",VLOOKUP(E10,STATS_TYPE,2,0)&" +")&IF(E10=0,"",IF(G10=0,F10,F10/100&"%")) -> 공격력 +190 | O10: =IF(H10=0,"-",VLOOKUP(H10,STATS_TYPE,2,0)&" +")&IF(H10=0,"",IF(J10=0,I10,I10/100&"%")) -> 최대 체력 +989 | P10: =IF(K10=0,"-",VLOOKUP(K10,STATS_TYPE,2,0)&" +")&IF(K10=0,"",IF(M10=0,L10,L10/100&"%")) -> -
A11: =C11*ID규칙_기본능력치그룹_단위+COUNTIF($C$4:C11,C11) -> 11301008 | B11: WHITE FANG 465 | C11: =VLOOKUP(B11,WEAPON!$B:$D,3,0) -> 11301 | D11: 8 | E11: 1 | F11: 201 | G11: 0 | H11: 2 | I11: 1047 | J11: 0 | K11: 0 | L11: 0 | M11: 0 | N11: =IF(E11=0,"-",VLOOKUP(E11,STATS_TYPE,2,0)&" +")&IF(E11=0,"",IF(G11=0,F11,F11/100&"%")) -> 공격력 +201 | O11: =IF(H11=0,"-",VLOOKUP(H11,STATS_TYPE,2,0)&" +")&IF(H11=0,"",IF(J11=0,I11,I11/100&"%")) -> 최대 체력 +1047 | P11: =IF(K11=0,"-",VLOOKUP(K11,STATS_TYPE,2,0)&" +")&IF(K11=0,"",IF(M11=0,L11,L11/100&"%")) -> -
A12: =C12*ID규칙_기본능력치그룹_단위+COUNTIF($C$4:C12,C12) -> 11301009 | B12: WHITE FANG 465 | C12: =VLOOKUP(B12,WEAPON!$B:$D,3,0) -> 11301 | D12: 9 | E12: 1 | F12: 212 | G12: 0 | H12: 2 | I12: 1105 | J12: 0 | K12: 0 | L12: 0 | M12: 0 | N12: =IF(E12=0,"-",VLOOKUP(E12,STATS_TYPE,2,0)&" +")&IF(E12=0,"",IF(G12=0,F12,F12/100&"%")) -> 공격력 +212 | O12: =IF(H12=0,"-",VLOOKUP(H12,STATS_TYPE,2,0)&" +")&IF(H12=0,"",IF(J12=0,I12,I12/100&"%")) -> 최대 체력 +1105 | P12: =IF(K12=0,"-",VLOOKUP(K12,STATS_TYPE,2,0)&" +")&IF(K12=0,"",IF(M12=0,L12,L12/100&"%")) -> -
A13: =C13*ID규칙_기본능력치그룹_단위+COUNTIF($C$4:C13,C13) -> 11301010 | B13: WHITE FANG 465 | C13: =VLOOKUP(B13,WEAPON!$B:$D,3,0) -> 11301 | D13: 10 | E13: 1 | F13: 223 | G13: 0 | H13: 2 | I13: 1164 | J13: 0 | K13: 0 | L13: 0 | M13: 0 | N13: =IF(E13=0,"-",VLOOKUP(E13,STATS_TYPE,2,0)&" +")&IF(E13=0,"",IF(G13=0,F13,F13/100&"%")) -> 공격력 +223 | O13: =IF(H13=0,"-",VLOOKUP(H13,STATS_TYPE,2,0)&" +")&IF(H13=0,"",IF(J13=0,I13,I13/100&"%")) -> 최대 체력 +1164 | P13: =IF(K13=0,"-",VLOOKUP(K13,STATS_TYPE,2,0)&" +")&IF(K13=0,"",IF(M13=0,L13,L13/100&"%")) -> -
A14: =C14*ID규칙_기본능력치그룹_단위+COUNTIF($C$4:C14,C14) -> 11301011 | B14: WHITE FANG 465 | C14: =VLOOKUP(B14,WEAPON!$B:$D,3,0) -> 11301 | D14: 11 | E14: 1 | F14: 234 | G14: 0 | H14: 2 | I14: 1222 | J14: 0 | K14: 0 | L14: 0 | M14: 0 | N14: =IF(E14=0,"-",VLOOKUP(E14,STATS_TYPE,2,0)&" +")&IF(E14=0,"",IF(G14=0,F14,F14/100&"%")) -> 공격력 +234 | O14: =IF(H14=0,"-",VLOOKUP(H14,STATS_TYPE,2,0)&" +")&IF(H14=0,"",IF(J14=0,I14,I14/100&"%")) -> 최대 체력 +1222 | P14: =IF(K14=0,"-",VLOOKUP(K14,STATS_TYPE,2,0)&" +")&IF(K14=0,"",IF(M14=0,L14,L14/100&"%")) -> -
A15: =C15*ID규칙_기본능력치그룹_단위+COUNTIF($C$4:C15,C15) -> 11301012 | B15: WHITE FANG 465 | C15: =VLOOKUP(B15,WEAPON!$B:$D,3,0) -> 11301 | D15: 12 | E15: 1 | F15: 245 | G15: 0 | H15: 2 | I15: 1280 | J15: 0 | K15: 0 | L15: 0 | M15: 0 | N15: =IF(E15=0,"-",VLOOKUP(E15,STATS_TYPE,2,0)&" +")&IF(E15=0,"",IF(G15=0,F15,F15/100&"%")) -> 공격력 +245 | O15: =IF(H15=0,"-",VLOOKUP(H15,STATS_TYPE,2,0)&" +")&IF(H15=0,"",IF(J15=0,I15,I15/100&"%")) -> 최대 체력 +1280 | P15: =IF(K15=0,"-",VLOOKUP(K15,STATS_TYPE,2,0)&" +")&IF(K15=0,"",IF(M15=0,L15,L15/100&"%")) -> -
... A1302: =C1302*ID규칙_기본능력치그룹_단위+COUNTIF($C$4:C1302,C1302) -> 21308049 | B1302: 백도어 | C1302: =VLOOKUP(B1302,WEAPON!$B:$D,3,0) -> 21308 | D1302: 49 | E1302: 1 | F1302: 637 | G1302: 0 | H1302: 2 | I1302: 2590 | J1302: 0 | K1302: 3 | L1302: 1028 | M1302: 0 | N1302: =IF(E1302=0,"-",VLOOKUP(E1302,STATS_TYPE,2,0)&" +")&IF(E1302=0,"",IF(G1302=0,F1302,F1302/100&"%")) -> 공격력 +637 | O1302: =IF(H1302=0,"-",VLOOKUP(H1302,STATS_TYPE,2,0)&" +")&IF(H1302=0,"",IF(J1302=0,I1302,I1302/100&"%")) -> 최대 체력 +2590 | P1302: =IF(K1302=0,"-",VLOOKUP(K1302,STATS_TYPE,2,0)&" +")&IF(K1302=0,"",IF(M1302=0,L1302,L1302/100&"%")) -> 치유력 +1028
A1303: =C1303*ID규칙_기본능력치그룹_단위+COUNTIF($C$4:C1303,C1303) -> 21308050 | B1303: 백도어 | C1303: =VLOOKUP(B1303,WEAPON!$B:$D,3,0) -> 21308 | D1303: 50 | E1303: 1 | F1303: 648 | G1303: 0 | H1303: 2 | I1303: 2634 | J1303: 0 | K1303: 3 | L1303: d | M1303: 0 | N1303: =IF(E1303=0,"-",VLOOKUP(E1303,STATS_TYPE,2,0)&" +")&IF(E1303=0,"",IF(G1303=0,F1303,F1303/100&"%")) -> 공격력 +648 | O1303: =IF(H1303=0,"-",VLOOKUP(H1303,STATS_TYPE,2,0)&" +")&IF(H1303=0,"",IF(J1303=0,I1303,I1303/100&"%")) -> 최대 체력 +2634 | P1303: =IF(K1303=0,"-",VLOOKUP(K1303,STATS_TYPE,2,0)&" +")&IF(K1303=0,"",IF(M1303=0,L1303,L1303/100&"%")) -> 치유력 +d
A1304: =C1304*ID규칙_기본능력치그룹_단위+COUNTIF($C$4:C1304,C1304) -> 24209001 | B1304: 자동 표적 조준 장치 | C1304: =VLOOKUP(B1304,WEAPON!$B:$D,3,0) -> 24209 | D1304: 1 | E1304: 1 | F1304: 76 | G1304: 0 | H1304: 2 | I1304: 432 | J1304: 0 | K1304: 3 | L1304: 174 | M1304: 0 | N1304: =IF(E1304=0,"-",VLOOKUP(E1304,STATS_TYPE,2,0)&" +")&IF(E1304=0,"",IF(G1304=0,F1304,F1304/100&"%")) -> 공격력 +76 | O1304: =IF(H1304=0,"-",VLOOKUP(H1304,STATS_TYPE,2,0)&" +")&IF(H1304=0,"",IF(J1304=0,I1304,I1304/100&"%")) -> 최대 체력 +432 | P1304: =IF(K1304=0,"-",VLOOKUP(K1304,STATS_TYPE,2,0)&" +")&IF(K1304=0,"",IF(M1304=0,L1304,L1304/100&"%")) -> 치유력 +174
A1305: =C1305*ID규칙_기본능력치그룹_단위+COUNTIF($C$4:C1305,C1305) -> 24209002 | B1305: 자동 표적 조준 장치 | C1305: =VLOOKUP(B1305,WEAPON!$B:$D,3,0) -> 24209 | D1305: 2 | E1305: 1 | F1305: 83 | G1305: 0 | H1305: 2 | I1305: 471 | J1305: 0 | K1305: 3 | L1305: 190 | M1305: 0 | N1305: =IF(E1305=0,"-",VLOOKUP(E1305,STATS_TYPE,2,0)&" +")&IF(E1305=0,"",IF(G1305=0,F1305,F1305/100&"%")) -> 공격력 +83 | O1305: =IF(H1305=0,"-",VLOOKUP(H1305,STATS_TYPE,2,0)&" +")&IF(H1305=0,"",IF(J1305=0,I1305,I1305/100&"%")) -> 최대 체력 +471 | P1305: =IF(K1305=0,"-",VLOOKUP(K1305,STATS_TYPE,2,0)&" +")&IF(K1305=0,"",IF(M1305=0,L1305,L1305/100&"%")) -> 치유력 +190
A1306: =C1306*ID규칙_기본능력치그룹_단위+COUNTIF($C$4:C1306,C1306) -> 24209003 | B1306: 자동 표적 조준 장치 | C1306: =VLOOKUP(B1306,WEAPON!$B:$D,3,0) -> 24209 | D1306: 3 | E1306: 1 | F1306: 90 | G1306: 0 | H1306: 2 | I1306: 510 | J1306: 0 | K1306: 3 | L1306: 206 | M1306: 0 | N1306: =IF(E1306=0,"-",VLOOKUP(E1306,STATS_TYPE,2,0)&" +")&IF(E1306=0,"",IF(G1306=0,F1306,F1306/100&"%")) -> 공격력 +90 | O1306: =IF(H1306=0,"-",VLOOKUP(H1306,STATS_TYPE,2,0)&" +")&IF(H1306=0,"",IF(J1306=0,I1306,I1306/100&"%")) -> 최대 체력 +510 | P1306: =IF(K1306=0,"-",VLOOKUP(K1306,STATS_TYPE,2,0)&" +")&IF(K1306=0,"",IF(M1306=0,L1306,L1306/100&"%")) -> 치유력 +206
A1307: =C1307*ID규칙_기본능력치그룹_단위+COUNTIF($C$4:C1307,C1307) -> 24209004 | B1307: 자동 표적 조준 장치 | C1307: =VLOOKUP(B1307,WEAPON!$B:$D,3,0) -> 24209 | D1307: 4 | E1307: 1 | F1307: 97 | G1307: 0 | H1307: 2 | I1307: 550 | J1307: 0 | K1307: 3 | L1307: 221 | M1307: 0 | N1307: =IF(E1307=0,"-",VLOOKUP(E1307,STATS_TYPE,2,0)&" +")&IF(E1307=0,"",IF(G1307=0,F1307,F1307/100&"%")) -> 공격력 +97 | O1307: =IF(H1307=0,"-",VLOOKUP(H1307,STATS_TYPE,2,0)&" +")&IF(H1307=0,"",IF(J1307=0,I1307,I1307/100&"%")) -> 최대 체력 +550 | P1307: =IF(K1307=0,"-",VLOOKUP(K1307,STATS_TYPE,2,0)&" +")&IF(K1307=0,"",IF(M1307=0,L1307,L1307/100&"%")) -> 치유력 +221
A1308: =C1308*ID규칙_기본능력치그룹_단위+COUNTIF($C$4:C1308,C1308) -> 24209005 | B1308: 자동 표적 조준 장치 | C1308: =VLOOKUP(B1308,WEAPON!$B:$D,3,0) -> 24209 | D1308: 5 | E1308: 1 | F1308: 104 | G1308: 0 | H1308: 2 | I1308: 589 | J1308: 0 | K1308: 3 | L1308: 237 | M1308: 0 | N1308: =IF(E1308=0,"-",VLOOKUP(E1308,STATS_TYPE,2,0)&" +")&IF(E1308=0,"",IF(G1308=0,F1308,F1308/100&"%")) -> 공격력 +104 | O1308: =IF(H1308=0,"-",VLOOKUP(H1308,STATS_TYPE,2,0)&" +")&IF(H1308=0,"",IF(J1308=0,I1308,I1308/100&"%")) -> 최대 체력 +589 | P1308: =IF(K1308=0,"-",VLOOKUP(K1308,STATS_TYPE,2,0)&" +")&IF(K1308=0,"",IF(M1308=0,L1308,L1308/100&"%")) -> 치유력 +237
A1309: =C1309*ID규칙_기본능력치그룹_단위+COUNTIF($C$4:C1309,C1309) -> 24209006 | B1309: 자동 표적 조준 장치 | C1309: =VLOOKUP(B1309,WEAPON!$B:$D,3,0) -> 24209 | D1309: 6 | E1309: 1 | F1309: 111 | G1309: 0 | H1309: 2 | I1309: 628 | J1309: 0 | K1309: 3 | L1309: 253 | M1309: 0 | N1309: =IF(E1309=0,"-",VLOOKUP(E1309,STATS_TYPE,2,0)&" +")&IF(E1309=0,"",IF(G1309=0,F1309,F1309/100&"%")) -> 공격력 +111 | O1309: =IF(H1309=0,"-",VLOOKUP(H1309,STATS_TYPE,2,0)&" +")&IF(H1309=0,"",IF(J1309=0,I1309,I1309/100&"%")) -> 최대 체력 +628 | P1309: =IF(K1309=0,"-",VLOOKUP(K1309,STATS_TYPE,2,0)&" +")&IF(K1309=0,"",IF(M1309=0,L1309,L1309/100&"%")) -> 치유력 +253
A1310: =C1310*ID규칙_기본능력치그룹_단위+COUNTIF($C$4:C1310,C1310) -> 24209007 | B1310: 자동 표적 조준 장치 | C1310: =VLOOKUP(B1310,WEAPON!$B:$D,3,0) -> 24209 | D1310: 7 | E1310: 1 | F1310: 118 | G1310: 0 | H1310: 2 | I1310: 667 | J1310: 0 | K1310: 3 | L1310: 269 | M1310: 0 | N1310: =IF(E1310=0,"-",VLOOKUP(E1310,STATS_TYPE,2,0)&" +")&IF(E1310=0,"",IF(G1310=0,F1310,F1310/100&"%")) -> 공격력 +118 | O1310: =IF(H1310=0,"-",VLOOKUP(H1310,STATS_TYPE,2,0)&" +")&IF(H1310=0,"",IF(J1310=0,I1310,I1310/100&"%")) -> 최대 체력 +667 | P1310: =IF(K1310=0,"-",VLOOKUP(K1310,STATS_TYPE,2,0)&" +")&IF(K1310=0,"",IF(M1310=0,L1310,L1310/100&"%")) -> 치유력 +269
A1311: =C1311*ID규칙_기본능력치그룹_단위+COUNTIF($C$4:C1311,C1311) -> 24209008 | B1311: 자동 표적 조준 장치 | C1311: =VLOOKUP(B1311,WEAPON!$B:$D,3,0) -> 24209 | D1311: 8 | E1311: 1 | F1311: 125 | G1311: 0 | H1311: 2 | I1311: 706 | J1311: 0 | K1311: 3 | L1311: 285 | M1311: 0 | N1311: =IF(E1311=0,"-",VLOOKUP(E1311,STATS_TYPE,2,0)&" +")&IF(E1311=0,"",IF(G1311=0,F1311,F1311/100&"%")) -> 공격력 +125 | O1311: =IF(H1311=0,"-",VLOOKUP(H1311,STATS_TYPE,2,0)&" +")&IF(H1311=0,"",IF(J1311=0,I1311,I1311/100&"%")) -> 최대 체력 +706 | P1311: =IF(K1311=0,"-",VLOOKUP(K1311,STATS_TYPE,2,0)&" +")&IF(K1311=0,"",IF(M1311=0,L1311,L1311/100&"%")) -> 치유력 +285
A1312: =C1312*ID규칙_기본능력치그룹_단위+COUNTIF($C$4:C1312,C1312) -> 24209009 | B1312: 자동 표적 조준 장치 | C1312: =VLOOKUP(B1312,WEAPON!$B:$D,3,0) -> 24209 | D1312: 9 | E1312: 1 | F1312: 131 | G1312: 0 | H1312: 2 | I1312: 745 | J1312: 0 | K1312: 3 | L1312: 300 | M1312: 0 | N1312: =IF(E1312=0,"-",VLOOKUP(E1312,STATS_TYPE,2,0)&" +")&IF(E1312=0,"",IF(G1312=0,F1312,F1312/100&"%")) -> 공격력 +131 | O1312: =IF(H1312=0,"-",VLOOKUP(H1312,STATS_TYPE,2,0)&" +")&IF(H1312=0,"",IF(J1312=0,I1312,I1312/100&"%")) -> 최대 체력 +745 | P1312: =IF(K1312=0,"-",VLOOKUP(K1312,STATS_TYPE,2,0)&" +")&IF(K1312=0,"",IF(M1312=0,L1312,L1312/100&"%")) -> 치유력 +300
A1313: =C1313*ID규칙_기본능력치그룹_단위+COUNTIF($C$4:C1313,C1313) -> 24209010 | B1313: 자동 표적 조준 장치 | C1313: =VLOOKUP(B1313,WEAPON!$B:$D,3,0) -> 24209 | D1313: 10 | E1313: 1 | F1313: 138 | G1313: 0 | H1313: 2 | I1313: 785 | J1313: 0 | K1313: 3 | L1313: 316 | M1313: 0 | N1313: =IF(E1313=0,"-",VLOOKUP(E1313,STATS_TYPE,2,0)&" +")&IF(E1313=0,"",IF(G1313=0,F1313,F1313/100&"%")) -> 공격력 +138 | O1313: =IF(H1313=0,"-",VLOOKUP(H1313,STATS_TYPE,2,0)&" +")&IF(H1313=0,"",IF(J1313=0,I1313,I1313/100&"%")) -> 최대 체력 +785 | P1313: =IF(K1313=0,"-",VLOOKUP(K1313,STATS_TYPE,2,0)&" +")&IF(K1313=0,"",IF(M1313=0,L1313,L1313/100&"%")) -> 치유력 +316
A1314: =C1314*ID규칙_기본능력치그룹_단위+COUNTIF($C$4:C1314,C1314) -> 24209011 | B1314: 자동 표적 조준 장치 | C1314: =VLOOKUP(B1314,WEAPON!$B:$D,3,0) -> 24209 | D1314: 11 | E1314: 1 | F1314: 145 | G1314: 0 | H1314: 2 | I1314: 824 | J1314: 0 | K1314: 3 | L1314: 332 | M1314: 0 | N1314: =IF(E1314=0,"-",VLOOKUP(E1314,STATS_TYPE,2,0)&" +")&IF(E1314=0,"",IF(G1314=0,F1314,F1314/100&"%")) -> 공격력 +145 | O1314: =IF(H1314=0,"-",VLOOKUP(H1314,STATS_TYPE,2,0)&" +")&IF(H1314=0,"",IF(J1314=0,I1314,I1314/100&"%")) -> 최대 체력 +824 | P1314: =IF(K1314=0,"-",VLOOKUP(K1314,STATS_TYPE,2,0)&" +")&IF(K1314=0,"",IF(M1314=0,L1314,L1314/100&"%")) -> 치유력 +332
A1315: =C1315*ID규칙_기본능력치그룹_단위+COUNTIF($C$4:C1315,C1315) -> 24209012 | B1315: 자동 표적 조준 장치 | C1315: =VLOOKUP(B1315,WEAPON!$B:$D,3,0) -> 24209 | D1315: 12 | E1315: 1 | F1315: 152 | G1315: 0 | H1315: 2 | I1315: 863 | J1315: 0 | K1315: 3 | L1315: 348 | M1315: 0 | N1315: =IF(E1315=0,"-",VLOOKUP(E1315,STATS_TYPE,2,0)&" +")&IF(E1315=0,"",IF(G1315=0,F1315,F1315/100&"%")) -> 공격력 +152 | O1315: =IF(H1315=0,"-",VLOOKUP(H1315,STATS_TYPE,2,0)&" +")&IF(H1315=0,"",IF(J1315=0,I1315,I1315/100&"%")) -> 최대 체력 +863 | P1315: =IF(K1315=0,"-",VLOOKUP(K1315,STATS_TYPE,2,0)&" +")&IF(K1315=0,"",IF(M1315=0,L1315,L1315/100&"%")) -> 치유력 +348
... A4803: =C4803*ID규칙_기본능력치그룹_단위+COUNTIF($C$4:C4803,C4803) -> 24330050 | B4803: 공연용 티셔츠 캐논 | C4803: =VLOOKUP(B4803,WEAPON!$B:$D,3,0) -> 24330 | D4803: 50 | E4803: 1 | F4803: 441 | G4803: 0 | H4803: 2 | I4803: 2416 | J4803: 0 | K4803: 3 | L4803: 1130 | M4803: 0 | N4803: =IF(E4803=0,"-",VLOOKUP(E4803,STATS_TYPE,2,0)&" +")&IF(E4803=0,"",IF(G4803=0,F4803,F4803/100&"%")) -> 공격력 +441 | O4803: =IF(H4803=0,"-",VLOOKUP(H4803,STATS_TYPE,2,0)&" +")&IF(H4803=0,"",IF(J4803=0,I4803,I4803/100&"%")) -> 최대 체력 +2416 | P4803: =IF(K4803=0,"-",VLOOKUP(K4803,STATS_TYPE,2,0)&" +")&IF(K4803=0,"",IF(M4803=0,L4803,L4803/100&"%")) -> 치유력 +1130

Sheet WEAPON_LIMIT_BREAK
A1: 아이디 | B1: #고유무기 이름 | C1: 한계 해방 그룹 | D1: 해방 등급 | E1: 등급 내 최대 레벨 | F1: 아이템 아이디 | G1: 필요 엘레프 조각 | H1: 필요 크레딧 | I1: 강화 스킬 그룹 | J1: 상성 강화 아이디
A2: ID | B2: WEAPON_NAME | C2: LIMIT_BREAK_GROUP | D2: LIMIT_BREAK_RANK | E2: MAX_LEVEL | F2: ITEM_ID | G2: NEED_ELEPH | H2: NEED_CREDIT | I2: SKILL_REINFORCE_GROUP | J2: WARFARE_REINFORCE_ID
A3: int | B3: 참조 | C3: int | D3: int | E3: int | F3: int | G3: int | H3: int | I3: int | J3: int
A4: =C4*ID규칙_한계_해방_그룹_단위+D4 -> 113011 | B4: WHITE FANG 465 | C4: =INDEX(WEAPON!D:D,MATCH(B4,WEAPON!B:B,0)) -> 11301 | D4: =COUNTIF($C$4:C4,C4) -> 1 | E4: =IF(D4=1,30,D4*10+20) -> 30 | F4: 101001 | G4: 0 | H4: 0 | I4: 0 | J4: 0
A5: =C5*ID규칙_한계_해방_그룹_단위+D5 -> 113012 | B5: WHITE FANG 465 | C5: =INDEX(WEAPON!D:D,MATCH(B5,WEAPON!B:B,0)) -> 11301 | D5: =COUNTIF($C$4:C5,C5) -> 2 | E5: =IF(D5=1,30,D5*10+20) -> 40 | F5: 101001 | G5: 120 | H5: 1000000 | I5: 11301 | J5: 0
A6: =C6*ID규칙_한계_해방_그룹_단위+D6 -> 113013 | B6: WHITE FANG 465 | C6: =INDEX(WEAPON!D:D,MATCH(B6,WEAPON!B:B,0)) -> 11301 | D6: =COUNTIF($C$4:C6,C6) -> 3 | E6: =IF(D6=1,30,D6*10+20) -> 50 | F6: 101001 | G6: 180 | H6: 1500000 | I6: 0 | J6: 113011
A7: =C7*ID규칙_한계_해방_그룹_단위+D7 -> 123021 | B7: 호루스의 눈 | C7: =INDEX(WEAPON!D:D,MATCH(B7,WEAPON!B:B,0)) -> 12302 | D7: =COUNTIF($C$4:C7,C7) -> 1 | E7: =IF(D7=1,30,D7*10+20) -> 30 | F7: =IF(E6=50,F6+1,F6) -> 101002 | G7: =IF(G6=180,0,G4) -> 0 | H7: =IF(H6=1500000,H4,H4) -> 0 | I7: 0 | J7: 0
A8: =C8*ID규칙_한계_해방_그룹_단위+D8 -> 123022 | B8: 호루스의 눈 | C8: =INDEX(WEAPON!D:D,MATCH(B8,WEAPON!B:B,0)) -> 12302 | D8: =COUNTIF($C$4:C8,C8) -> 2 | E8: =IF(D8=1,30,D8*10+20) -> 40 | F8: =IF(E7=50,F7+1,F7) -> 101002 | G8: =IF(G7=180,0,G5) -> 120 | H8: =IF(H7=1500000,H5,H5) -> 1000000 | I8: 12302 | J8: 0
A9: =C9*ID규칙_한계_해방_그룹_단위+D9 -> 123023 | B9: 호루스의 눈 | C9: =INDEX(WEAPON!D:D,MATCH(B9,WEAPON!B:B,0)) -> 12302 | D9: =COUNTIF($C$4:C9,C9) -> 3 | E9: =IF(D9=1,30,D9*10+20) -> 50 | F9: =IF(E8=50,F8+1,F8) -> 101002 | G9: =IF(G8=180,0,G6) -> 180 | H9: =IF(H8=1500000,H6,H6) -> 1500000 | I9: 0 | J9: 123022
A10: =C10*ID규칙_한계_해방_그룹_단위+D10 -> 112031 | B10: 신시어리티 | C10: =INDEX(WEAPON!D:D,MATCH(B10,WEAPON!B:B,0)) -> 11203 | D10: =COUNTIF($C$4:C10,C10) -> 1 | E10: =IF(D10=1,30,D10*10+20) -> 30 | F10: =IF(E9=50,F9+1,F9) -> 101003 | G10: =IF(G9=180,0,G7) -> 0 | H10: =IF(H9=1500000,H7,H7) -> 0 | I10: 0 | J10: 0
A11: =C11*ID규칙_한계_해방_그룹_단위+D11 -> 112032 | B11: 신시어리티 | C11: =INDEX(WEAPON!D:D,MATCH(B11,WEAPON!B:B,0)) -> 11203 | D11: =COUNTIF($C$4:C11,C11) -> 2 | E11: =IF(D11=1,30,D11*10+20) -> 40 | F11: =IF(E10=50,F10+1,F10) -> 101003 | G11: =IF(G10=180,0,G8) -> 120 | H11: =IF(H10=1500000,H8,H8) -> 1000000 | I11: 11203 | J11: 0
A12: =C12*ID규칙_한계_해방_그룹_단위+D12 -> 112033 | B12: 신시어리티 | C12: =INDEX(WEAPON!D:D,MATCH(B12,WEAPON!B:B,0)) -> 11203 | D12: =COUNTIF($C$4:C12,C12) -> 3 | E12: =IF(D12=1,30,D12*10+20) -> 50 | F12: =IF(E11=50,F11+1,F11) -> 101003 | G12: =IF(G11=180,0,G9) -> 180 | H12: =IF(H11=1500000,H9,H9) -> 1500000 | I12: 0 | J12: 112032
A13: =C13*ID규칙_한계_해방_그룹_단위+D13 -> 112041 | B13: 미니 NO.5 | C13: =INDEX(WEAPON!D:D,MATCH(B13,WEAPON!B:B,0)) -> 11204 | D13: =COUNTIF($C$4:C13,C13) -> 1 | E13: =IF(D13=1,30,D13*10+20) -> 30 | F13: =IF(E12=50,F12+1,F12) -> 101004 | G13: =IF(G12=180,0,G10) -> 0 | H13: =IF(H12=1500000,H10,H10) -> 0 | I13: 0 | J13: 0
A14: =C14*ID규칙_한계_해방_그룹_단위+D14 -> 112042 | B14: 미니 NO.5 | C14: =INDEX(WEAPON!D:D,MATCH(B14,WEAPON!B:B,0)) -> 11204 | D14: =COUNTIF($C$4:C14,C14) -> 2 | E14: =IF(D14=1,30,D14*10+20) -> 40 | F14: =IF(E13=50,F13+1,F13) -> 101004 | G14: =IF(G13=180,0,G11) -> 120 | H14: =IF(H13=1500000,H11,H11) -> 1000000 | I14: 11204 | J14: 0
A15: =C15*ID규칙_한계_해방_그룹_단위+D15 -> 112043 | B15: 미니 NO.5 | C15: =INDEX(WEAPON!D:D,MATCH(B15,WEAPON!B:B,0)) -> 11204 | D15: =COUNTIF($C$4:C15,C15) -> 3 | E15: =IF(D15=1,30,D15*10+20) -> 50 | F15: =IF(E14=50,F14+1,F14) -> 101004 | G15: =IF(G14=180,0,G12) -> 180 | H15: =IF(H14=1500000,H12,H12) -> 1500000 | I15: 0 | J15: 112043
A16: =C16*ID규칙_한계_해방_그룹_단위+D16 -> 232011 | B16: 상식적 수단 | C16: =INDEX(WEAPON!D:D,MATCH(B16,WEAPON!B:B,0)) -> 23201 | D16: =COUNTIF($C$4:C16,C16) -> 1 | E16: =IF(D16=1,30,D16*10+20) -> 30 | F16: =IF(E15=50,F15+1,F15) -> 101005 | G16: =IF(G15=180,0,G13) -> 0 | H16: =IF(H15=1500000,H13,H13) -> 0 | I16: 0 | J16: 0
A17: =C17*ID규칙_한계_해방_그룹_단위+D17 -> 232012 | B17: 상식적 수단 | C17: =INDEX(WEAPON!D:D,MATCH(B17,WEAPON!B:B,0)) -> 23201 | D17: =COUNTIF($C$4:C17,C17) -> 2 | E17: =IF(D17=1,30,D17*10+20) -> 40 | F17: =IF(E16=50,F16+1,F16) -> 101005 | G17: =IF(G16=180,0,G14) -> 120 | H17: =IF(H16=1500000,H14,H14) -> 1000000 | I17: 23201 | J17: 0
A18: =C18*ID규칙_한계_해방_그룹_단위+D18 -> 232013 | B18: 상식적 수단 | C18: =INDEX(WEAPON!D:D,MATCH(B18,WEAPON!B:B,0)) -> 23201 | D18: =COUNTIF($C$4:C18,C18) -> 3 | E18: =IF(D18=1,30,D18*10+20) -> 50 | F18: =IF(E17=50,F17+1,F17) -> 101005 | G18: =IF(G17=180,0,G15) -> 180 | H18: =IF(H17=1500000,H15,H15) -> 1500000 | I18: 0 | J18: 232011
... A291: =C291*ID규칙_한계_해방_그룹_단위+D291 -> 243303 | B291: 공연용 티셔츠 캐논 | C291: =INDEX(WEAPON!D:D,MATCH(B291,WEAPON!B:B,0)) -> 24330 | D291: =COUNTIF($C$4:C291,C291) -> 3 | E291: =IF(D291=1,30,D291*10+20) -> 50 | F291: =IF(E290=50,F290+1,F290) -> 101096 | G291: =IF(G290=180,0,G288) -> 180 | H291: =IF(H290=1500000,H288,H288) -> 1500000 | I291: 0 | J291: 243301

Sheet SKILL_REINFORCE
A1: 아이디 | B1: #고유무기 이름 | C1: 강화 스킬 그룹 | D1: 스킬 레벨 | E1: 스킬 타입 | F1: 스킬 값 | G1: 비율 | H1: 강화 스킬 이름 | I1: 강화 스킬 아이콘 | J1: #강화 스킬 내용
A2: ID | B2: WEAPON_NAME | C2: SKILL_REINFORCE_GROUP | D2: SKILL_LEVEL | E2: SKILL_TYPE | F2: SKILL_VALUE | G2: ISRATE | H2: SKILL_REINFORCE_NAME | I2: SKILL_REINFORCE_ICON | J2: SKILL_REINFORCE_DESC
A3: int | B3: 참조 | C3: int | D3: int | E3: int | F3: int | G3: int | H3: string | I3: string | J3: 참조
A4: =C4*스킬_강화_그룹_단위+D4 -> 1130101 | B4: WHITE FANG 465 | C4: =VLOOKUP(B4,WEAPON!$B:$D,3,0) -> 11301 | D4: =COUNTIF($C$4:C4,C4) -> 1 | E4: 3 | F4: 100 | G4: 0 | H4: ="WEAPON_SKILL_REINFORCE_NAME_"&C4 -> WEAPON_SKILL_REINFORCE_NAME_11301 | I4: ="WEAPON_SKILL_REINFORCE_ICON_"&C4 -> WEAPON_SKILL_REINFORCE_ICON_11301 | J4: =VLOOKUP(E4,SKILL_TYPE,2,0)&" "&IF(G4=0,F4,F4/100&"%")&" 증가" -> 치명 수치 100 증가
A5: =C5*스킬_강화_그룹_단위+D5 -> 1130102 | B5: WHITE FANG 465 | C5: =VLOOKUP(B5,WEAPON!$B:$D,3,0) -> 11301 | D5: 2 | E5: 3 | F5: 105 | G5: 0 | H5: ="WEAPON_SKILL_REINFORCE_NAME_"&C5 -> WEAPON_SKILL_REINFORCE_NAME_11301 | I5: ="WEAPON_SKILL_REINFORCE_ICON_"&C5 -> WEAPON_SKILL_REINFORCE_ICON_11301 | J5: =VLOOKUP(E5,SKILL_TYPE,2,0)&" "&IF(G5=0,F5,F5/100&"%")&" 증가" -> 치명 수치 105 증가
A6: =C6*스킬_강화_그룹_단위+D6 -> 1130103 | B6: WHITE FANG 465 | C6: =VLOOKUP(B6,WEAPON!$B:$D,3,0) -> 11301 | D6: =COUNTIF($C$4:C6,C6) -> 3 | E6: 3 | F6: 110 | G6: 0 | H6: ="WEAPON_SKILL_REINFORCE_NAME_"&C6 -> WEAPON_SKILL_REINFORCE_NAME_11301 | I6: ="WEAPON_SKILL_REINFORCE_ICON_"&C6 -> WEAPON_SKILL_REINFORCE_ICON_11301 | J6: =VLOOKUP(E6,SKILL_TYPE,2,0)&" "&IF(G6=0,F6,F6/100&"%")&" 증가" -> 치명 수치 110 증가
A7: =C7*스킬_강화_그룹_단위+D7 -> 1130104 | B7: WHITE FANG 465 | C7: =VLOOKUP(B7,WEAPON!$B:$D,3,0) -> 11301 | D7: =COUNTIF($C$4:C7,C7) -> 4 | E7: 3 | F7: 130 | G7: 0 | H7: ="WEAPON_SKILL_REINFORCE_NAME_"&C7 -> WEAPON_SKILL_REINFORCE_NAME_11301 | I7: ="WEAPON_SKILL_REINFORCE_ICON_"&C7 -> WEAPON_SKILL_REINFORCE_ICON_11301 | J7: =VLOOKUP(E7,SKILL_TYPE,2,0)&" "&IF(G7=0,F7,F7/100&"%")&" 증가" -> 치명 수치 130 증가
A8: =C8*스킬_강화_그룹_단위+D8 -> 1130105 | B8: WHITE FANG 465 | C8: =VLOOKUP(B8,WEAPON!$B:$D,3,0) -> 11301 | D8: =COUNTIF($C$4:C8,C8) -> 5 | E8: 3 | F8: 135 | G8: 0 | H8: ="WEAPON_SKILL_REINFORCE_NAME_"&C8 -> WEAPON_SKILL_REINFORCE_NAME_11301 | I8: ="WEAPON_SKILL_REINFORCE_ICON_"&C8 -> WEAPON_SKILL_REINFORCE_ICON_11301 | J8: =VLOOKUP(E8,SKILL_TYPE,2,0)&" "&IF(G8=0,F8,F8/100&"%")&" 증가" -> 치명 수치 135 증가
A9: =C9*스킬_강화_그룹_단위+D9 -> 1130106 | B9: WHITE FANG 465 | C9: =VLOOKUP(B9,WEAPON!$B:$D,3,0) -> 11301 | D9: =COUNTIF($C$4:C9,C9) -> 6 | E9: 3 | F9: 140 | G9: 0 | H9: ="WEAPON_SKILL_REINFORCE_NAME_"&C9 -> WEAPON_SKILL_REINFORCE_NAME_11301 | I9: ="WEAPON_SKILL_REINFORCE_ICON_"&C9 -> WEAPON_SKILL_REINFORCE_ICON_11301 | J9: =VLOOKUP(E9,SKILL_TYPE,2,0)&" "&IF(G9=0,F9,F9/100&"%")&" 증가" -> 치명 수치 140 증가
A10: =C10*스킬_강화_그룹_단위+D10 -> 1130107 | B10: WHITE FANG 465 | C10: =VLOOKUP(B10,WEAPON!$B:$D,3,0) -> 11301 | D10: =COUNTIF($C$4:C10,C10) -> 7 | E10: 3 | F10: 160 | G10: 0 | H10: ="WEAPON_SKILL_REINFORCE_NAME_"&C10 -> WEAPON_SKILL_REINFORCE_NAME_11301 | I10: ="WEAPON_SKILL_REINFORCE_ICON_"&C10 -> WEAPON_SKILL_REINFORCE_ICON_11301 | J10: =VLOOKUP(E10,SKILL_TYPE,2,0)&" "&IF(G10=0,F10,F10/100&"%")&" 증가" -> 치명 수치 160 증가
A11: =C11*스킬_강화_그룹_단위+D11 -> 1130108 | B11: WHITE FANG 465 | C11: =VLOOKUP(B11,WEAPON!$B:$D,3,0) -> 11301 | D11: =COUNTIF($C$4:C11,C11) -> 8 | E11: 3 | F11: 165 | G11: 0 | H11: ="WEAPON_SKILL_REINFORCE_NAME_"&C11 -> WEAPON_SKILL_REINFORCE_NAME_11301 | I11: ="WEAPON_SKILL_REINFORCE_ICON_"&C11 -> WEAPON_SKILL_REINFORCE_ICON_11301 | J11: =VLOOKUP(E11,SKILL_TYPE,2,0)&" "&IF(G11=0,F11,F11/100&"%")&" 증가" -> 치명 수치 165 증가
A12: =C12*스킬_강화_그룹_단위+D12 -> 1130109 | B12: WHITE FANG 465 | C12: =VLOOKUP(B12,WEAPON!$B:$D,3,0) -> 11301 | D12: =COUNTIF($C$4:C12,C12) -> 9 | E12: 3 | F12: 170 | G12: 0 | H12: ="WEAPON_SKILL_REINFORCE_NAME_"&C12 -> WEAPON_SKILL_REINFORCE_NAME_11301 | I12: ="WEAPON_SKILL_REINFORCE_ICON_"&C12 -> WEAPON_SKILL_REINFORCE_ICON_11301 | J12: =VLOOKUP(E12,SKILL_TYPE,2,0)&" "&IF(G12=0,F12,F12/100&"%")&" 증가" -> 치명 수치 170 증가
A13: =C13*스킬_강화_그룹_단위+D13 -> 1130110 | B13: WHITE FANG 465 | C13: =VLOOKUP(B13,WEAPON!$B:$D,3,0) -> 11301 | D13: =COUNTIF($C$4:C13,C13) -> 10 | E13: 3 | F13: 190 | G13: 0 | H13: ="WEAPON_SKILL_REINFORCE_NAME_"&C13 -> WEAPON_SKILL_REINFORCE_NAME_11301 | I13: ="WEAPON_SKILL_REINFORCE_ICON_"&C13 -> WEAPON_SKILL_REINFORCE_ICON_11301 | J13: =VLOOKUP(E13,SKILL_TYPE,2,0)&" "&IF(G13=0,F13,F13/100&"%")&" 증가" -> 치명 수치 190 증가
A14: =C14*스킬_강화_그룹_단위+D14 -> 1230201 | B14: 호루스의 눈 | C14: =VLOOKUP(B14,WEAPON!$B:$D,3,0) -> 12302 | D14: =COUNTIF($C$4:C14,C14) -> 1 | E14: 8 | F14: 200 | G14: 0 | H14: ="WEAPON_SKILL_REINFORCE_NAME_"&C14 -> WEAPON_SKILL_REINFORCE_NAME_12302 | I14: ="WEAPON_SKILL_REINFORCE_ICON_"&C14 -> WEAPON_SKILL_REINFORCE_ICON_12302 | J14: =VLOOKUP(E14,SKILL_TYPE,2,0)&" "&IF(G14=0,F14,F14/100&"%")&" 증가" -> 방어력 200 증가
A15: =C15*스킬_강화_그룹_단위+D15 -> 1230202 | B15: 호루스의 눈 | C15: =VLOOKUP(B15,WEAPON!$B:$D,3,0) -> 12302 | D15: =COUNTIF($C$4:C15,C15) -> 2 | E15: 8 | F15: 210 | G15: 0 | H15: ="WEAPON_SKILL_REINFORCE_NAME_"&C15 -> WEAPON_SKILL_REINFORCE_NAME_12302 | I15: ="WEAPON_SKILL_REINFORCE_ICON_"&C15 -> WEAPON_SKILL_REINFORCE_ICON_12302 | J15: =VLOOKUP(E15,SKILL_TYPE,2,0)&" "&IF(G15=0,F15,F15/100&"%")&" 증가" -> 방어력 210 증가
A16: =C16*스킬_강화_그룹_단위+D16 -> 1230203 | B16: 호루스의 눈 | C16: =VLOOKUP(B16,WEAPON!$B:$D,3,0) -> 12302 | D16: =COUNTIF($C$4:C16,C16) -> 3 | E16: 8 | F16: 220 | G16: 0 | H16: ="WEAPON_SKILL_REINFORCE_NAME_"&C16 -> WEAPON_SKILL_REINFORCE_NAME_12302 | I16: ="WEAPON_SKILL_REINFORCE_ICON_"&C16 -> WEAPON_SKILL_REINFORCE_ICON_12302 | J16: =VLOOKUP(E16,SKILL_TYPE,2,0)&" "&IF(G16=0,F16,F16/100&"%")&" 증가" -> 방어력 220 증가
A17: =C17*스킬_강화_그룹_단위+D17 -> 1230204 | B17: 호루스의 눈 | C17: =VLOOKUP(B17,WEAPON!$B:$D,3,0) -> 12302 | D17: =COUNTIF($C$4:C17,C17) -> 4 | E17: 8 | F17: 260 | G17: 0 | H17: ="WEAPON_SKILL_REINFORCE_NAME_"&C17 -> WEAPON_SKILL_REINFORCE_NAME_12302 | I17: ="WEAPON_SKILL_REINFORCE_ICON_"&C17 -> WEAPON_SKILL_REINFORCE_ICON_12302 | J17: =VLOOKUP(E17,SKILL_TYPE,2,0)&" "&IF(G17=0,F17,F17/100&"%")&" 증가" -> 방어력 260 증가
... A963: =C963*스킬_강화_그룹_단위+D963 -> 2433010 | B963: 공연용 티셔츠 캐논 | C963: =VLOOKUP(B963,WEAPON!$B:$D,3,0) -> 24330 | D963: =COUNTIF($C$4:C963,C963) -> 10 | E963: 11 | F963: 1340 | G963: 0 | H963: ="WEAPON_SKILL_REINFORCE_NAME_"&C963 -> WEAPON_SKILL_REINFORCE_NAME_24330 | I963: ="WEAPON_SKILL_REINFORCE_ICON_"&C963 -> WEAPON_SKILL_REINFORCE_ICON_24330 | J963: =VLOOKUP(E963,SKILL_TYPE,2,0)&" "&IF(G963=0,F963,F963/100&"%")&" 증가" -> 치유력 1340 증가

Sheet WARFARE_REINFORCE
A1: 아이디 | B1: #학생 이름 | C1: 강화 전투 장소 타입 | D1: 강화 전투 장소 값 | E1: 상성 강화 설명 | F1: 상성 강화 아이콘 | G1: #상성 강화 설명
A2: ID | B2: STUDENT_NAME | C2: WARFARE_TYPE | D2: WARFARE_VALUE | E2: WARFARE_REINFORCE_DESC | F2: WARFARE_REINFORCE_ICON | G2: WARFARE_DESC
A3: int | B3: 참조 | C3: int | D3: int | E3: string | F3: string | G3: 참조
A4: =INDEX(STUDENT!A:A,MATCH(B4,STUDENT!B:B,0))*상성_강화_아이디_단위+C4 -> 113011 | B4: 시로코 | C4: 1 | D4: 1 | E4: ="WEAPON_WARFARE_REINFORCE_DESC_"&A4 -> WEAPON_WARFARE_REINFORCE_DESC_113011 | F4: ="WEAPON_WARFARE_REINFORCE_ICON_"&A4 -> WEAPON_WARFARE_REINFORCE_ICON_113011 | G4: =VLOOKUP(C4,상성_강화_장소_타입,2,0)&" 지형전투력을 "&VLOOKUP(D4,상성_등급_단위,2,0)&"로 강화" -> 시가전 지형전투력을 SS로 강화
A5: =INDEX(STUDENT!A:A,MATCH(B5,STUDENT!B:B,0))*상성_강화_아이디_단위+C5 -> 123022 | B5: 호시노 | C5: 2 | D5: 1 | E5: ="WEAPON_WARFARE_REINFORCE_DESC_"&A5 -> WEAPON_WARFARE_REINFORCE_DESC_123022 | F5: ="WEAPON_WARFARE_REINFORCE_ICON_"&A5 -> WEAPON_WARFARE_REINFORCE_ICON_123022 | G5: =VLOOKUP(C5,상성_강화_장소_타입,2,0)&" 지형전투력을 "&VLOOKUP(D5,상성_등급_단위,2,0)&"로 강화" -> 야전 지형전투력을 SS로 강화
A6: =INDEX(STUDENT!A:A,MATCH(B6,STUDENT!B:B,0))*상성_강화_아이디_단위+C6 -> 112032 | B6: 세리카 | C6: 2 | D6: 4 | E6: ="WEAPON_WARFARE_REINFORCE_DESC_"&A6 -> WEAPON_WARFARE_REINFORCE_DESC_112032 | F6: ="WEAPON_WARFARE_REINFORCE_ICON_"&A6 -> WEAPON_WARFARE_REINFORCE_ICON_112032 | G6: =VLOOKUP(C6,상성_강화_장소_타입,2,0)&" 지형전투력을 "&VLOOKUP(D6,상성_등급_단위,2,0)&"로 강화" -> 야전 지형전투력을 B로 강화
A7: =INDEX(STUDENT!A:A,MATCH(B7,STUDENT!B:B,0))*상성_강화_아이디_단위+C7 -> 112043 | B7: 노노미 | C7: 3 | D7: 4 | E7: ="WEAPON_WARFARE_REINFORCE_DESC_"&A7 -> WEAPON_WARFARE_REINFORCE_DESC_112043 | F7: ="WEAPON_WARFARE_REINFORCE_ICON_"&A7 -> WEAPON_WARFARE_REINFORCE_ICON_112043 | G7: =VLOOKUP(C7,상성_강화_장소_타입,2,0)&" 지형전투력을 "&VLOOKUP(D7,상성_등급_단위,2,0)&"로 강화" -> 실내전 지형전투력을 B로 강화
A8: =INDEX(STUDENT!A:A,MATCH(B8,STUDENT!B:B,0))*상성_강화_아이디_단위+C8 -> 232011 | B8: 아야네 | C8: 1 | D8: 4 | E8: ="WEAPON_WARFARE_REINFORCE_DESC_"&A8 -> WEAPON_WARFARE_REINFORCE_DESC_232011 | F8: ="WEAPON_WARFARE_REINFORCE_ICON_"&A8 -> WEAPON_WARFARE_REINFORCE_ICON_232011 | G8: =VLOOKUP(C8,상성_강화_장소_타입,2,0)&" 지형전투력을 "&VLOOKUP(D8,상성_등급_단위,2,0)&"로 강화" -> 시가전 지형전투력을 B로 강화
A9: =INDEX(STUDENT!A:A,MATCH(B9,STUDENT!B:B,0))*상성_강화_아이디_단위+C9 -> 113051 | B9: 아루 | C9: 1 | D9: 1 | E9: ="WEAPON_WARFARE_REINFORCE_DESC_"&A9 -> WEAPON_WARFARE_REINFORCE_DESC_113051 | F9: ="WEAPON_WARFARE_REINFORCE_ICON_"&A9 -> WEAPON_WARFARE_REINFORCE_ICON_113051 | G9: =VLOOKUP(C9,상성_강화_장소_타입,2,0)&" 지형전투력을 "&VLOOKUP(D9,상성_등급_단위,2,0)&"로 강화" -> 시가전 지형전투력을 SS로 강화
A10: =INDEX(STUDENT!A:A,MATCH(B10,STUDENT!B:B,0))*상성_강화_아이디_단위+C10 -> 112063 | B10: 무츠키 | C10: 3 | D10: 4 | E10: ="WEAPON_WARFARE_REINFORCE_DESC_"&A10 -> WEAPON_WARFARE_REINFORCE_DESC_112063 | F10: ="WEAPON_WARFARE_REINFORCE_ICON_"&A10 -> WEAPON_WARFARE_REINFORCE_ICON_112063 | G10: =VLOOKUP(C10,상성_강화_장소_타입,2,0)&" 지형전투력을 "&VLOOKUP(D10,상성_등급_단위,2,0)&"로 강화" -> 실내전 지형전투력을 B로 강화
A11: =INDEX(STUDENT!A:A,MATCH(B11,STUDENT!B:B,0))*상성_강화_아이디_단위+C11 -> 142072 | B11: 카요코 | C11: 2 | D11: 4 | E11: ="WEAPON_WARFARE_REINFORCE_DESC_"&A11 -> WEAPON_WARFARE_REINFORCE_DESC_142072 | F11: ="WEAPON_WARFARE_REINFORCE_ICON_"&A11 -> WEAPON_WARFARE_REINFORCE_ICON_142072 | G11: =VLOOKUP(C11,상성_강화_장소_타입,2,0)&" 지형전투력을 "&VLOOKUP(D11,상성_등급_단위,2,0)&"로 강화" -> 야전 지형전투력을 B로 강화
A12: =INDEX(STUDENT!A:A,MATCH(B12,STUDENT!B:B,0))*상성_강화_아이디_단위+C12 -> 111081 | B12: 하루카 | C12: 1 | D12: 4 | E12: ="WEAPON_WARFARE_REINFORCE_DESC_"&A12 -> WEAPON_WARFARE_REINFORCE_DESC_111081 | F12: ="WEAPON_WARFARE_REINFORCE_ICON_"&A12 -> WEAPON_WARFARE_REINFORCE_ICON_111081 | G12: =VLOOKUP(C12,상성_강화_장소_타입,2,0)&" 지형전투력을 "&VLOOKUP(D12,상성_등급_단위,2,0)&"로 강화" -> 시가전 지형전투력을 B로 강화
A13: =INDEX(STUDENT!A:A,MATCH(B13,STUDENT!B:B,0))*상성_강화_아이디_단위+C13 -> 113091 | B13: 히나 | C13: 1 | D13: 1 | E13: ="WEAPON_WARFARE_REINFORCE_DESC_"&A13 -> WEAPON_WARFARE_REINFORCE_DESC_113091 | F13: ="WEAPON_WARFARE_REINFORCE_ICON_"&A13 -> WEAPON_WARFARE_REINFORCE_ICON_113091 | G13: =VLOOKUP(C13,상성_강화_장소_타입,2,0)&" 지형전투력을 "&VLOOKUP(D13,상성_등급_단위,2,0)&"로 강화" -> 시가전 지형전투력을 SS로 강화
A14: =INDEX(STUDENT!A:A,MATCH(B14,STUDENT!B:B,0))*상성_강화_아이디_단위+C14 -> 243023 | B14: 아코 | C14: 3 | D14: 1 | E14: ="WEAPON_WARFARE_REINFORCE_DESC_"&A14 -> WEAPON_WARFARE_REINFORCE_DESC_243023 | F14: ="WEAPON_WARFARE_REINFORCE_ICON_"&A14 -> WEAPON_WARFARE_REINFORCE_ICON_243023 | G14: =VLOOKUP(C14,상성_강화_장소_타입,2,0)&" 지형전투력을 "&VLOOKUP(D14,상성_등급_단위,2,0)&"로 강화" -> 실내전 지형전투력을 SS로 강화
A15: =INDEX(STUDENT!A:A,MATCH(B15,STUDENT!B:B,0))*상성_강화_아이디_단위+C15 -> 113103 | B15: 이오리 | C15: 3 | D15: 1 | E15: ="WEAPON_WARFARE_REINFORCE_DESC_"&A15 -> WEAPON_WARFARE_REINFORCE_DESC_113103 | F15: ="WEAPON_WARFARE_REINFORCE_ICON_"&A15 -> WEAPON_WARFARE_REINFORCE_ICON_113103 | G15: =VLOOKUP(C15,상성_강화_장소_타입,2,0)&" 지형전투력을 "&VLOOKUP(D15,상성_등급_단위,2,0)&"로 강화" -> 실내전 지형전투력을 SS로 강화
... A99: =INDEX(STUDENT!A:A,MATCH(B99,STUDENT!B:B,0))*상성_강화_아이디_단위+C99 -> 243301 | B99: 미쿠 | C99: 1 | D99: 1 | E99: ="WEAPON_WARFARE_REINFORCE_DESC_"&A99 -> WEAPON_WARFARE_REINFORCE_DESC_243301 | F99: ="WEAPON_WARFARE_REINFORCE_ICON_"&A99 -> WEAPON_WARFARE_REINFORCE_ICON_243301 | G99: =VLOOKUP(C99,상성_강화_장소_타입,2,0)&" 지형전투력을 "&VLOOKUP(D99,상성_등급_단위,2,0)&"로 강화" -> 시가전 지형전투력을 SS로 강화

Sheet WEAPON_EXP_INFO
A1: 아이디 | B1: 등급 | C1: 레벨 | D1: 필요 경험치 | E1: 누적 경험치 | F1: 필요 크레딧
A2: ID | B2: RANK | C2: LEVEL | D2: NEED_EXP | E2: ACCURE_EXP | F2: NEED_CREDIT
A3: int | B3: int | C3: int | D3: int | E3: int | F3: int
A4: =B4*ID규칙_등급_단위+C4 -> 101 | B4: 1 | C4: 1 | D4: 25 | E4: 25 | F4: 4500
A5: =B5*ID규칙_등급_단위+C5 -> 102 | B5: 1 | C5: 2 | D5: 30 | E5: 55 | F5: 5400
A6: =B6*ID규칙_등급_단위+C6 -> 103 | B6: 1 | C6: 3 | D6: 35 | E6: 90 | F6: 6300
A7: =B7*ID규칙_등급_단위+C7 -> 104 | B7: 1 | C7: 4 | D7: 40 | E7: 130 | F7: 7200
A8: =B8*ID규칙_등급_단위+C8 -> 105 | B8: 1 | C8: 5 | D8: 45 | E8: 175 | F8: 8100
A9: =B9*ID규칙_등급_단위+C9 -> 106 | B9: 1 | C9: 6 | D9: 50 | E9: 225 | F9: 9000
A10: =B10*ID규칙_등급_단위+C10 -> 107 | B10: 1 | C10: 7 | D10: 55 | E10: 280 | F10: 9900
A11: =B11*ID규칙_등급_단위+C11 -> 108 | B11: 1 | C11: 8 | D11: 60 | E11: 340 | F11: 10800
A12: =B12*ID규칙_등급_단위+C12 -> 109 | B12: 1 | C12: 9 | D12: 65 | E12: 405 | F12: 11700
A13: =B13*ID규칙_등급_단위+C13 -> 110 | B13: 1 | C13: 10 | D13: 70 | E13: 475 | F13: 12600
A14: =B14*ID규칙_등급_단위+C14 -> 111 | B14: 1 | C14: 11 | D14: 80 | E14: 555 | F14: 14400
A15: =B15*ID규칙_등급_단위+C15 -> 112 | B15: 1 | C15: 12 | D15: 90 | E15: 645 | F15: 16200
... A53: =B53*ID규칙_등급_단위+C53 -> 350 | B53: 3 | C53: 50 | D53: 0 | E53: 0 | F53: 0

Sheet STUDENT
A1: 아이디 | B1: #학생 이름 | C1: 역할 | D1: 상세 역할 | E1: 등급 | F1: 최대 레벨 | G1: 공격 위치 | H1: 공격 타입 | I1: 방어 타입 | J1: 시가전 등급 | K1: 야전 등급 | L1: 실내전 등급 | M1: 대사 그룹 | N1: 애용품 그룹 | O1: 학생 이름 | P1: 학생 이미지
A2: ID | B2: STUDENT_NAME | C2: ROLE | D2: DETAIL_ROLE | E2: RANK | F2: MAX_LEVEL | G2: POSITION_TYPE | H2: OFFENSE_TYPE | I2: DEFENSE_TYPE | J2: CITY_WAR_RANK | K2: OUTSIDE_WAR_RANK | L2: INSIDE_WAR_RANK | M2: SPEECH_GROUP | N2: UNIQUE_ITEM_GROUP | O2: STUDENT_NAME | P2: STUDENT_IMAGE
A3: int | B3: 참조 | C3: int | D3: int | E3: int | F3: int | G3: int | H3: int | I3: int | J3: int | K3: int | L3: int | M3: int | N3: int | O3: string | P3: string
A4: =C4*ID규칙_학생_역할_단위+D4*ID규칙_학생_상세_역할_단위+E4*ID규칙_학생_등급_단위+COUNTIF($C$4:C4,C4) -> 11301 | B4: 시로코 | C4: 1 | D4: 1 | E4: 3 | F4: 81 | G4: 2 | H4: 1 | I4: 1 | J4: 2 | K4: 4 | L4: 6 | M4: =C4*10000+D4*1000+E4*100+COUNTIF($C$4:C4,C4) -> 11301 | N4: =IFERROR(VLOOKUP(B4,STUDENT_UNIQUE_ITEM!$C:$D,2,0),0) -> 11301 | O4: ="STUDENT_NAME_"&A4 -> STUDENT_NAME_11301 | P4: ="STUDENT_IMAGE_"&A4 -> STUDENT_IMAGE_11301
A5: =C5*ID규칙_학생_역할_단위+D5*ID규칙_학생_상세_역할_단위+E5*ID규칙_학생_등급_단위+COUNTIF($C$4:C5,C5) -> 12302 | B5: 호시노 | C5: 1 | D5: 2 | E5: 3 | F5: 81 | G5: 1 | H5: 2 | I5: 2 | J5: 6 | K5: 2 | L5: 4 | M5: =C5*10000+D5*1000+E5*100+COUNTIF($C$4:C5,C5) -> 12302 | N5: =IFERROR(VLOOKUP(B5,STUDENT_UNIQUE_ITEM!$C:$D,2,0),0) -> 0 | O5: ="STUDENT_NAME_"&A5 -> STUDENT_NAME_12302 | P5: ="STUDENT_IMAGE_"&A5 -> STUDENT_IMAGE_12302
A6: =C6*ID규칙_학생_역할_단위+D6*ID규칙_학생_상세_역할_단위+E6*ID규칙_학생_등급_단위+COUNTIF($C$4:C6,C6) -> 11203 | B6: 세리카 | C6: 1 | D6: 1 | E6: 2 | F6: 81 | G6: 2 | H6: 1 | I6: 1 | J6: 3 | K6: 6 | L6: 3 | M6: =C6*10000+D6*1000+E6*100+COUNTIF($C$4:C6,C6) -> 11203 | N6: =IFERROR(VLOOKUP(B6,STUDENT_UNIQUE_ITEM!$C:$D,2,0),0) -> 0 | O6: ="STUDENT_NAME_"&A6 -> STUDENT_NAME_11203 | P6: ="STUDENT_IMAGE_"&A6 -> STUDENT_IMAGE_11203
A7: =C7*ID규칙_학생_역할_단위+D7*ID규칙_학생_상세_역할_단위+E7*ID규칙_학생_등급_단위+COUNTIF($C$4:C7,C7) -> 11204 | B7: 노노미 | C7: 1 | D7: 1 | E7: 2 | F7: 81 | G7: 3 | H7: 2 | I7: 2 | J7: 3 | K7: 3 | L7: 6 | M7: =C7*10000+D7*1000+E7*100+COUNTIF($C$4:C7,C7) -> 11204 | N7: =IFERROR(VLOOKUP(B7,STUDENT_UNIQUE_ITEM!$C:$D,2,0),0) -> 0 | O7: ="STUDENT_NAME_"&A7 -> STUDENT_NAME_11204 | P7: ="STUDENT_IMAGE_"&A7 -> STUDENT_IMAGE_11204
A8: =C8*ID규칙_학생_역할_단위+D8*ID규칙_학생_상세_역할_단위+E8*ID규칙_학생_등급_단위+COUNTIF($C$4:C8,C8) -> 23201 | B8: 아야네 | C8: 2 | D8: 3 | E8: 2 | F8: 81 | G8: 3 | H8: 2 | I8: 1 | J8: 6 | K8: 3 | L8: 3 | M8: =C8*10000+D8*1000+E8*100+COUNTIF($C$4:C8,C8) -> 23201 | N8: =IFERROR(VLOOKUP(B8,STUDENT_UNIQUE_ITEM!$C:$D,2,0),0) -> 0 | O8: ="STUDENT_NAME_"&A8 -> STUDENT_NAME_23201 | P8: ="STUDENT_IMAGE_"&A8 -> STUDENT_IMAGE_23201
A9: =C9*ID규칙_학생_역할_단위+D9*ID규칙_학생_상세_역할_단위+E9*ID규칙_학생_등급_단위+COUNTIF($C$4:C9,C9) -> 11305 | B9: 아루 | C9: 1 | D9: 1 | E9: 3 | F9: 81 | G9: 3 | H9: 1 | I9: 1 | J9: 2 | K9: 4 | L9: 6 | M9: =C9*10000+D9*1000+E9*100+COUNTIF($C$4:C9,C9) -> 11305 | N9: =IFERROR(VLOOKUP(B9,STUDENT_UNIQUE_ITEM!$C:$D,2,0),0) -> 11305 | O9: ="STUDENT_NAME_"&A9 -> STUDENT_NAME_11305 | P9: ="STUDENT_IMAGE_"&A9 -> STUDENT_IMAGE_11305
A10: =C10*ID규칙_학생_역할_단위+D10*ID규칙_학생_상세_역할_단위+E10*ID규칙_학생_등급_단위+COUNTIF($C$4:C10,C10) -> 11206 | B10: 무츠키 | C10: 1 | D10: 1 | E10: 2 | F10: 81 | G10: 3 | H10: 1 | I10: 1 | J10: 3 | K10: 3 | L10: 6 | M10: =C10*10000+D10*1000+E10*100+COUNTIF($C$4:C10,C10) -> 11206 | N10: =IFERROR(VLOOKUP(B10,STUDENT_UNIQUE_ITEM!$C:$D,2,0),0) -> 0 | O10: ="STUDENT_NAME_"&A10 -> STUDENT_NAME_11206 | P10: ="STUDENT_IMAGE_"&A10 -> STUDENT_IMAGE_11206
A11: =C11*ID규칙_학생_역할_단위+D11*ID규칙_학생_상세_역할_단위+E11*ID규칙_학생_등급_단위+COUNTIF($C$4:C11,C11) -> 14207 | B11: 카요코 | C11: 1 | D11: 4 | E11: 2 | F11: 81 | G11: 1 | H11: 1 | I11: 2 | J11: 3 | K11: 6 | L11: 3 | M11: =C11*10000+D11*1000+E11*100+COUNTIF($C$4:C11,C11) -> 14207 | N11: =IFERROR(VLOOKUP(B11,STUDENT_UNIQUE_ITEM!$C:$D,2,0),0) -> 0 | O11: ="STUDENT_NAME_"&A11 -> STUDENT_NAME_14207 | P11: ="STUDENT_IMAGE_"&A11 -> STUDENT_IMAGE_14207
A12: =C12*ID규칙_학생_역할_단위+D12*ID규칙_학생_상세_역할_단위+E12*ID규칙_학생_등급_단위+COUNTIF($C$4:C12,C12) -> 11108 | B12: 하루카 | C12: 1 | D12: 1 | E12: 1 | F12: 81 | G12: 1 | H12: 1 | I12: 1 | J12: 5 | K12: 4 | L12: 3 | M12: =C12*10000+D12*1000+E12*100+COUNTIF($C$4:C12,C12) -> 11108 | N12: =IFERROR(VLOOKUP(B12,STUDENT_UNIQUE_ITEM!$C:$D,2,0),0) -> 0 | O12: ="STUDENT_NAME_"&A12 -> STUDENT_NAME_11108 | P12: ="STUDENT_IMAGE_"&A12 -> STUDENT_IMAGE_11108
A13: =C13*ID규칙_학생_역할_단위+D13*ID규칙_학생_상세_역할_단위+E13*ID규칙_학생_등급_단위+COUNTIF($C$4:C13,C13) -> 11309 | B13: 히나 | C13: 1 | D13: 1 | E13: 3 | F13: 81 | G13: 3 | H13: 1 | I13: 2 | J13: 2 | K13: 6 | L13: 6 | M13: =C13*10000+D13*1000+E13*100+COUNTIF($C$4:C13,C13) -> 11309 | N13: =IFERROR(VLOOKUP(B13,STUDENT_UNIQUE_ITEM!$C:$D,2,0),0) -> 11309 | O13: ="STUDENT_NAME_"&A13 -> STUDENT_NAME_11309 | P13: ="STUDENT_IMAGE_"&A13 -> STUDENT_IMAGE_11309
A14: =C14*ID규칙_학생_역할_단위+D14*ID규칙_학생_상세_역할_단위+E14*ID규칙_학생_등급_단위+COUNTIF($C$4:C14,C14) -> 24302 | B14: 아코 | C14: 2 | D14: 4 | E14: 3 | F14: 81 | G14: 3 | H14: 3 | I14: 2 | J14: 6 | K14: 4 | L14: 2 | M14: =C14*10000+D14*1000+E14*100+COUNTIF($C$4:C14,C14) -> 24302 | N14: =IFERROR(VLOOKUP(B14,STUDENT_UNIQUE_ITEM!$C:$D,2,0),0) -> 0 | O14: ="STUDENT_NAME_"&A14 -> STUDENT_NAME_24302 | P14: ="STUDENT_IMAGE_"&A14 -> STUDENT_IMAGE_24302
A15: =C15*ID규칙_학생_역할_단위+D15*ID규칙_학생_상세_역할_단위+E15*ID규칙_학생_등급_단위+COUNTIF($C$4:C15,C15) -> 11310 | B15: 이오리 | C15: 1 | D15: 1 | E15: 3 | F15: 81 | G15: 3 | H15: 1 | I15: 3 | J15: 5 | K15: 5 | L15: 2 | M15: =C15*10000+D15*1000+E15*100+COUNTIF($C$4:C15,C15) -> 11310 | N15: =IFERROR(VLOOKUP(B15,STUDENT_UNIQUE_ITEM!$C:$D,2,0),0) -> 0 | O15: ="STUDENT_NAME_"&A15 -> STUDENT_NAME_11310 | P15: ="STUDENT_IMAGE_"&A15 -> STUDENT_IMAGE_11310
... A99: =C99*ID규칙_학생_역할_단위+D99*ID규칙_학생_상세_역할_단위+E99*ID규칙_학생_등급_단위+COUNTIF($C$4:C99,C99) -> 24330 | B99: 미쿠 | C99: 2 | D99: 4 | E99: 3 | F99: 81 | G99: 3 | H99: 1 | I99: 1 | J99: 2 | K99: 6 | L99: 4 | M99: =C99*10000+D99*1000+E99*100+COUNTIF($C$4:C99,C99) -> 24330 | N99: =IFERROR(VLOOKUP(B99,STUDENT_UNIQUE_ITEM!$C:$D,2,0),0) -> 0 | O99: ="STUDENT_NAME_"&A99 -> STUDENT_NAME_24330 | P99: ="STUDENT_IMAGE_"&A99 -> STUDENT_IMAGE_24330

Sheet STUDENT_SPEECH
A1: 아이디 | B1: #학생 이름 | C1: 대사 그룹 | D1: 메인 타입 | E1: 서브 타입 | F1: 서브 타입 값 | G1: 대사 내용 | H1: 오디오 파일 경로 | I1: #메인 타입 내용 | J1: #서브 타입 내용 | K1: 학생 대사 STRING으로 이동
A2: ID | B2: STUDENT_NAME | C2: SPEECH_GROUP | D2: MAIN_TYPE | E2: SUB_TYPE | F2: SUB_TYPE_VALUE | G2: SPEECH_DESC | H2: SPEECH_AUDIO | I2: MAIN_TYPE_DESC | J2: SUB_TYPE_DESC
A3: int | B3: 참조 | C3: int | D3: int | E3: int | F3: int | G3: string | H3: string | I3: 참고 | J3: 참고
A4: =C4*ID규칙_대사_그룹_단위+COUNTIF($C$4:C4,C4) -> 1130101 | B4: 시로코 | C4: =INDEX(STUDENT!$A:$A,MATCH(B4,STUDENT!$B:$B,0)) -> 11301 | D4: 1 | E4: 1 | F4: 0 | G4: ="SPEECH_DESC_"&A4 -> SPEECH_DESC_1130101 | H4: ="SPEECH_AUDIO_"&A4 -> SPEECH_AUDIO_1130101 | I4: =VLOOKUP(D4,SPEECH_MAIN_TYPE,2,0) -> 일상 | J4: =VLOOKUP(E4,SPEECH_SUB_TYPE,2,0)&IF(F4=0,""," "&F4) -> 입수
A5: =C5*ID규칙_대사_그룹_단위+COUNTIF($C$4:C5,C5) -> 1130102 | B5: 시로코 | C5: =INDEX(STUDENT!$A:$A,MATCH(B5,STUDENT!$B:$B,0)) -> 11301 | D5: 1 | E5: 2 | F5: 1 | G5: ="SPEECH_DESC_"&A5 -> SPEECH_DESC_1130102 | H5: ="SPEECH_AUDIO_"&A5 -> SPEECH_AUDIO_1130102 | I5: =VLOOKUP(D5,SPEECH_MAIN_TYPE,2,0) -> 일상 | J5: =VLOOKUP(E5,SPEECH_SUB_TYPE,2,0)&IF(F5=0,""," "&F5) -> 로비 방문 1
A6: =C6*ID규칙_대사_그룹_단위+COUNTIF($C$4:C6,C6) -> 1130103 | B6: 시로코 | C6: =INDEX(STUDENT!$A:$A,MATCH(B6,STUDENT!$B:$B,0)) -> 11301 | D6: 1 | E6: 2 | F6: 2 | G6: ="SPEECH_DESC_"&A6 -> SPEECH_DESC_1130103 | H6: ="SPEECH_AUDIO_"&A6 -> SPEECH_AUDIO_1130103 | I6: =VLOOKUP(D6,SPEECH_MAIN_TYPE,2,0) -> 일상 | J6: =VLOOKUP(E6,SPEECH_SUB_TYPE,2,0)&IF(F6=0,""," "&F6) -> 로비 방문 2
A7: =C7*ID규칙_대사_그룹_단위+COUNTIF($C$4:C7,C7) -> 1130104 | B7: 시로코 | C7: =INDEX(STUDENT!$A:$A,MATCH(B7,STUDENT!$B:$B,0)) -> 11301 | D7: 1 | E7: 3 | F7: 1 | G7: ="SPEECH_DESC_"&A7 -> SPEECH_DESC_1130104 | H7: ="SPEECH_AUDIO_"&A7 -> SPEECH_AUDIO_1130104 | I7: =VLOOKUP(D7,SPEECH_MAIN_TYPE,2,0) -> 일상 | J7: =VLOOKUP(E7,SPEECH_SUB_TYPE,2,0)&IF(F7=0,""," "&F7) -> 잡담 1
A8: =C8*ID규칙_대사_그룹_단위+COUNTIF($C$4:C8,C8) -> 1130105 | B8: 시로코 | C8: =INDEX(STUDENT!$A:$A,MATCH(B8,STUDENT!$B:$B,0)) -> 11301 | D8: 1 | E8: 3 | F8: 2 | G8: ="SPEECH_DESC_"&A8 -> SPEECH_DESC_1130105 | H8: ="SPEECH_AUDIO_"&A8 -> SPEECH_AUDIO_1130105 | I8: =VLOOKUP(D8,SPEECH_MAIN_TYPE,2,0) -> 일상 | J8: =VLOOKUP(E8,SPEECH_SUB_TYPE,2,0)&IF(F8=0,""," "&F8) -> 잡담 2
A9: =C9*ID규칙_대사_그룹_단위+COUNTIF($C$4:C9,C9) -> 1130106 | B9: 시로코 | C9: =INDEX(STUDENT!$A:$A,MATCH(B9,STUDENT!$B:$B,0)) -> 11301 | D9: 1 | E9: 3 | F9: 3 | G9: ="SPEECH_DESC_"&A9 -> SPEECH_DESC_1130106 | H9: ="SPEECH_AUDIO_"&A9 -> SPEECH_AUDIO_1130106 | I9: =VLOOKUP(D9,SPEECH_MAIN_TYPE,2,0) -> 일상 | J9: =VLOOKUP(E9,SPEECH_SUB_TYPE,2,0)&IF(F9=0,""," "&F9) -> 잡담 3
A10: =C10*ID규칙_대사_그룹_단위+COUNTIF($C$4:C10,C10) -> 1130107 | B10: 시로코 | C10: =INDEX(STUDENT!$A:$A,MATCH(B10,STUDENT!$B:$B,0)) -> 11301 | D10: 2 | E10: 4 | F10: 1 | G10: ="SPEECH_DESC_"&A10 -> SPEECH_DESC_1130107 | H10: ="SPEECH_AUDIO_"&A10 -> SPEECH_AUDIO_1130107 | I10: =VLOOKUP(D10,SPEECH_MAIN_TYPE,2,0) -> 배치 | J10: =VLOOKUP(E10,SPEECH_SUB_TYPE,2,0)&IF(F10=0,""," "&F10) -> 편성 1
A11: =C11*ID규칙_대사_그룹_단위+COUNTIF($C$4:C11,C11) -> 1130108 | B11: 시로코 | C11: =INDEX(STUDENT!$A:$A,MATCH(B11,STUDENT!$B:$B,0)) -> 11301 | D11: 2 | E11: 4 | F11: 2 | G11: ="SPEECH_DESC_"&A11 -> SPEECH_DESC_1130108 | H11: ="SPEECH_AUDIO_"&A11 -> SPEECH_AUDIO_1130108 | I11: =VLOOKUP(D11,SPEECH_MAIN_TYPE,2,0) -> 배치 | J11: =VLOOKUP(E11,SPEECH_SUB_TYPE,2,0)&IF(F11=0,""," "&F11) -> 편성 2
A12: =C12*ID규칙_대사_그룹_단위+COUNTIF($C$4:C12,C12) -> 1130109 | B12: 시로코 | C12: =INDEX(STUDENT!$A:$A,MATCH(B12,STUDENT!$B:$B,0)) -> 11301 | D12: 2 | E12: 4 | F12: 3 | G12: ="SPEECH_DESC_"&A12 -> SPEECH_DESC_1130109 | H12: ="SPEECH_AUDIO_"&A12 -> SPEECH_AUDIO_1130109 | I12: =VLOOKUP(D12,SPEECH_MAIN_TYPE,2,0) -> 배치 | J12: =VLOOKUP(E12,SPEECH_SUB_TYPE,2,0)&IF(F12=0,""," "&F12) -> 편성 3
A13: =C13*ID규칙_대사_그룹_단위+COUNTIF($C$4:C13,C13) -> 1130110 | B13: 시로코 | C13: =INDEX(STUDENT!$A:$A,MATCH(B13,STUDENT!$B:$B,0)) -> 11301 | D13: 2 | E13: 5 | F13: 1 | G13: ="SPEECH_DESC_"&A13 -> SPEECH_DESC_1130110 | H13: ="SPEECH_AUDIO_"&A13 -> SPEECH_AUDIO_1130110 | I13: =VLOOKUP(D13,SPEECH_MAIN_TYPE,2,0) -> 배치 | J13: =VLOOKUP(E13,SPEECH_SUB_TYPE,2,0)&IF(F13=0,""," "&F13) -> 출격 1
A14: =C14*ID규칙_대사_그룹_단위+COUNTIF($C$4:C14,C14) -> 1130111 | B14: 시로코 | C14: =INDEX(STUDENT!$A:$A,MATCH(B14,STUDENT!$B:$B,0)) -> 11301 | D14: 2 | E14: 5 | F14: 2 | G14: ="SPEECH_DESC_"&A14 -> SPEECH_DESC_1130111 | H14: ="SPEECH_AUDIO_"&A14 -> SPEECH_AUDIO_1130111 | I14: =VLOOKUP(D14,SPEECH_MAIN_TYPE,2,0) -> 배치 | J14: =VLOOKUP(E14,SPEECH_SUB_TYPE,2,0)&IF(F14=0,""," "&F14) -> 출격 2
A15: =C15*ID규칙_대사_그룹_단위+COUNTIF($C$4:C15,C15) -> 1130112 | B15: 시로코 | C15: =INDEX(STUDENT!$A:$A,MATCH(B15,STUDENT!$B:$B,0)) -> 11301 | D15: 3 | E15: 6 | F15: 1 | G15: ="SPEECH_DESC_"&A15 -> SPEECH_DESC_1130112 | H15: ="SPEECH_AUDIO_"&A15 -> SPEECH_AUDIO_1130112 | I15: =VLOOKUP(D15,SPEECH_MAIN_TYPE,2,0) -> 전투 | J15: =VLOOKUP(E15,SPEECH_SUB_TYPE,2,0)&IF(F15=0,""," "&F15) -> 전투개시 1
... A4684: =C4684*ID규칙_대사_그룹_단위+COUNTIF($C$4:C4684,C4684) -> 2433037 | B4684: 미쿠 | C4684: =INDEX(STUDENT!$A:$A,MATCH(B4684,STUDENT!$B:$B,0)) -> 24330 | D4684: 7 | E4684: 29 | F4684: 0 | G4684: ="SPEECH_DESC_"&A4684 -> SPEECH_DESC_2433037 | H4684: ="SPEECH_AUDIO_"&A4684 -> SPEECH_AUDIO_2433037 | I4684: =VLOOKUP(D4684,SPEECH_MAIN_TYPE,2,0) -> 기념일 | J4684: =VLOOKUP(E4684,SPEECH_SUB_TYPE,2,0)&IF(F4684=0,""," "&F4684) -> 신년

Sheet STUDENT_UNIQUE_ITEM
A1: 아이디 | B1: #애용품 이름 | C1: #사용 학생 이름 | D1: 애용품 그룹 | E1: 티어 | F1: 착용 슬롯 | G1: 애용품 해방 아이디 | H1: 애용품 이름 | I1: 애용품 이미지 | J1: 애용품 설명
A2: ID | B2: UNIQUE_ITEM_NAME | C2: USED_STUDENT_NAME | D2: UNIQUE_ITEM_GROUP | E2: TIER | F2: SLOT | G2: UNIQUE_LIMIT_BREAK_ID | H2: UNIQUE_ITEM_NAME | I2: UNIQUE_ITEM_IMAGE | J2: UNIQUE_ITEM_DESC
A3: int | B3: 참조 | C3: 참조 | D3: int | E3: int | F3: int | G3: int | H3: string | I3: string | J3: string
A4: =ID규칙_애용품_아이디_단위+D4*ID규칙_애용품_그룹_단위+E4 -> 1113051 | B4: 아루의 엄청 귀중한 지갑 | C4: 아루 | D4: =INDEX(STUDENT!$A:$A,MATCH(C4,STUDENT!$B:$B,0)) -> 11305 | E4: 1 | F4: 4 | G4: =D4*10+E4 -> 113051 | H4: ="UNIQUE_ITEM_NAME_"&D4 -> UNIQUE_ITEM_NAME_11305 | I4: ="UNIQUE_ITEM_IMAGE_"&D4 -> UNIQUE_ITEM_IMAGE_11305 | J4: ="UNIQUE_ITEM_DESC_"&D4 -> UNIQUE_ITEM_DESC_11305
A5: =ID규칙_애용품_아이디_단위+D5*ID규칙_애용품_그룹_단위+E5 -> 1113052 | B5: 아루의 엄청 귀중한 지갑 | C5: 아루 | D5: =INDEX(STUDENT!$A:$A,MATCH(C5,STUDENT!$B:$B,0)) -> 11305 | E5: 2 | F5: 4 | G5: =D5*10+E5 -> 113052 | H5: ="UNIQUE_ITEM_NAME_"&D5 -> UNIQUE_ITEM_NAME_11305 | I5: ="UNIQUE_ITEM_IMAGE_"&D5 -> UNIQUE_ITEM_IMAGE_11305 | J5: ="UNIQUE_ITEM_DESC_"&D5 -> UNIQUE_ITEM_DESC_11305
A6: =ID규칙_애용품_아이디_단위+D6*ID규칙_애용품_그룹_단위+E6 -> 1113421 | B6: 츠루기의 특별한 상자 | C6: 츠루기 | D6: =INDEX(STUDENT!$A:$A,MATCH(C6,STUDENT!$B:$B,0)) -> 11342 | E6: 1 | F6: 4 | G6: =D6*10+E6 -> 113421 | H6: ="UNIQUE_ITEM_NAME_"&D6 -> UNIQUE_ITEM_NAME_11342 | I6: ="UNIQUE_ITEM_IMAGE_"&D6 -> UNIQUE_ITEM_IMAGE_11342 | J6: ="UNIQUE_ITEM_DESC_"&D6 -> UNIQUE_ITEM_DESC_11342
A7: =ID규칙_애용품_아이디_단위+D7*ID규칙_애용품_그룹_단위+E7 -> 1113422 | B7: 츠루기의 특별한 상자 | C7: 츠루기 | D7: =INDEX(STUDENT!$A:$A,MATCH(C7,STUDENT!$B:$B,0)) -> 11342 | E7: 2 | F7: 4 | G7: =D7*10+E7 -> 113422 | H7: ="UNIQUE_ITEM_NAME_"&D7 -> UNIQUE_ITEM_NAME_11342 | I7: ="UNIQUE_ITEM_IMAGE_"&D7 -> UNIQUE_ITEM_IMAGE_11342 | J7: ="UNIQUE_ITEM_DESC_"&D7 -> UNIQUE_ITEM_DESC_11342
A8: =ID규칙_애용품_아이디_단위+D8*ID규칙_애용품_그룹_단위+E8 -> 1113531 | B8: 슌의 어린시절 추억 | C8: 슌 | D8: =INDEX(STUDENT!$A:$A,MATCH(C8,STUDENT!$B:$B,0)) -> 11353 | E8: 1 | F8: 4 | G8: =D8*10+E8 -> 113531 | H8: ="UNIQUE_ITEM_NAME_"&D8 -> UNIQUE_ITEM_NAME_11353 | I8: ="UNIQUE_ITEM_IMAGE_"&D8 -> UNIQUE_ITEM_IMAGE_11353 | J8: ="UNIQUE_ITEM_DESC_"&D8 -> UNIQUE_ITEM_DESC_11353
A9: =ID규칙_애용품_아이디_단위+D9*ID규칙_애용품_그룹_단위+E9 -> 1113532 | B9: 슌의 어린시절 추억 | C9: 슌 | D9: =INDEX(STUDENT!$A:$A,MATCH(C9,STUDENT!$B:$B,0)) -> 11353 | E9: 2 | F9: 4 | G9: =D9*10+E9 -> 113532 | H9: ="UNIQUE_ITEM_NAME_"&D9 -> UNIQUE_ITEM_NAME_11353 | I9: ="UNIQUE_ITEM_IMAGE_"&D9 -> UNIQUE_ITEM_IMAGE_11353 | J9: ="UNIQUE_ITEM_DESC_"&D9 -> UNIQUE_ITEM_DESC_11353
A10: =ID규칙_애용품_아이디_단위+D10*ID규칙_애용품_그룹_단위+E10 -> 1111211 | B10: 토끼꼬리 수류탄 | C10: 아스나 | D10: =INDEX(STUDENT!$A:$A,MATCH(C10,STUDENT!$B:$B,0)) -> 11121 | E10: 1 | F10: 4 | G10: =D10*10+E10 -> 111211 | H10: ="UNIQUE_ITEM_NAME_"&D10 -> UNIQUE_ITEM_NAME_11121 | I10: ="UNIQUE_ITEM_IMAGE_"&D10 -> UNIQUE_ITEM_IMAGE_11121 | J10: ="UNIQUE_ITEM_DESC_"&D10 -> UNIQUE_ITEM_DESC_11121
A11: =ID규칙_애용품_아이디_단위+D11*ID규칙_애용품_그룹_단위+E11 -> 1111212 | B11: 토끼꼬리 수류탄 | C11: 아스나 | D11: =INDEX(STUDENT!$A:$A,MATCH(C11,STUDENT!$B:$B,0)) -> 11121 | E11: 2 | F11: 4 | G11: =D11*10+E11 -> 111212 | H11: ="UNIQUE_ITEM_NAME_"&D11 -> UNIQUE_ITEM_NAME_11121 | I11: ="UNIQUE_ITEM_IMAGE_"&D11 -> UNIQUE_ITEM_IMAGE_11121 | J11: ="UNIQUE_ITEM_DESC_"&D11 -> UNIQUE_ITEM_DESC_11121
A12: =ID규칙_애용품_아이디_단위+D12*ID규칙_애용품_그룹_단위+E12 -> 1122171 | B12: 유우카의 함수 계산기 | C12: 유우카 | D12: =INDEX(STUDENT!$A:$A,MATCH(C12,STUDENT!$B:$B,0)) -> 12217 | E12: 1 | F12: 4 | G12: =D12*10+E12 -> 122171 | H12: ="UNIQUE_ITEM_NAME_"&D12 -> UNIQUE_ITEM_NAME_12217 | I12: ="UNIQUE_ITEM_IMAGE_"&D12 -> UNIQUE_ITEM_IMAGE_12217 | J12: ="UNIQUE_ITEM_DESC_"&D12 -> UNIQUE_ITEM_DESC_12217
A13: =ID규칙_애용품_아이디_단위+D13*ID규칙_애용품_그룹_단위+E13 -> 1122172 | B13: 유우카의 함수 계산기 | C13: 유우카 | D13: =INDEX(STUDENT!$A:$A,MATCH(C13,STUDENT!$B:$B,0)) -> 12217 | E13: 2 | F13: 4 | G13: =D13*10+E13 -> 122172 | H13: ="UNIQUE_ITEM_NAME_"&D13 -> UNIQUE_ITEM_NAME_12217 | I13: ="UNIQUE_ITEM_IMAGE_"&D13 -> UNIQUE_ITEM_IMAGE_12217 | J13: ="UNIQUE_ITEM_DESC_"&D13 -> UNIQUE_ITEM_DESC_12217
A14: =ID규칙_애용품_아이디_단위+D14*ID규칙_애용품_그룹_단위+E14 -> 1242091 | B14: 아테나 3호 | C14: 하레 | D14: =INDEX(STUDENT!$A:$A,MATCH(C14,STUDENT!$B:$B,0)) -> 24209 | E14: 1 | F14: 4 | G14: =D14*10+E14 -> 242091 | H14: ="UNIQUE_ITEM_NAME_"&D14 -> UNIQUE_ITEM_NAME_24209 | I14: ="UNIQUE_ITEM_IMAGE_"&D14 -> UNIQUE_ITEM_IMAGE_24209 | J14: ="UNIQUE_ITEM_DESC_"&D14 -> UNIQUE_ITEM_DESC_24209
A15: =ID규칙_애용품_아이디_단위+D15*ID규칙_애용품_그룹_단위+E15 -> 1242092 | B15: 아테나 3호 | C15: 하레 | D15: =INDEX(STUDENT!$A:$A,MATCH(C15,STUDENT!$B:$B,0)) -> 24209 | E15: 2 | F15: 4 | G15: =D15*10+E15 -> 242092 | H15: ="UNIQUE_ITEM_NAME_"&D15 -> UNIQUE_ITEM_NAME_24209 | I15: ="UNIQUE_ITEM_IMAGE_"&D15 -> UNIQUE_ITEM_IMAGE_24209 | J15: ="UNIQUE_ITEM_DESC_"&D15 -> UNIQUE_ITEM_DESC_24209
... A35: =ID규칙_애용품_아이디_단위+D35*ID규칙_애용품_그룹_단위+E35 -> 1143332 | B35: 모모프렌즈 스페셜 티포트 | C35: 히후미 | D35: =INDEX(STUDENT!$A:$A,MATCH(C35,STUDENT!$B:$B,0)) -> 14333 | E35: 2 | F35: 4 | G35: =D35*10+E35 -> 143332 | H35: ="UNIQUE_ITEM_NAME_"&D35 -> UNIQUE_ITEM_NAME_14333 | I35: ="UNIQUE_ITEM_IMAGE_"&D35 -> UNIQUE_ITEM_IMAGE_14333 | J35: ="UNIQUE_ITEM_DESC_"&D35 -> UNIQUE_ITEM_DESC_14333

Sheet STUDENT_UNIQUE_LIMIT_BREAK
A1: 아이디 | B1: #애용품 이름 | C1: 필요 호감도 레벨 | D1: 필요 크레딧 | E1: 아이템 ID_1 | F1: 아이템 개수_1 | G1: 아이템 ID_2 | H1: 아이템 개수_2 | I1: 아이템 ID_3 | J1: 아이템 개수_3 | K1: 강화 능력 옵션 타입 | L1: 서브 옵션 타입 | M1: 옵션 값 | N1: #해방 능력 설명
A2: ID | B2: UNIQUE_ITEM_NAME | C2: NEED_RELATIONSHIP | D2: NEED_CREDIT | E2: ITEM_ID_1 | F2: ITEM_COUNT_1 | G2: ITEM_ID_2 | H2: ITEM_COUNT_2 | I2: ITEM_ID_3 | J2: ITEM_COUNT_3 | K2: OPTION_TYPE | L2: SUB_OPTION_TYPE | M2: OPTION_VALUE | N2: UNIQUE_LIMIT_BREAK_DESC
A3: int | B3: 참조 | C3: int | D3: int | E3: int | F3: int | G3: int | H3: int | I3: int | J3: int | K3: int | L3: int | M3: int | N3: 참조
A4: =VLOOKUP(B4,STUDENT_UNIQUE_ITEM!$B:$D,3,0)*ID규칙_애용품_티어_단위+COUNTIF($B$4:B4,B4) -> 113051 | B4: 아루의 엄청 귀중한 지갑 | C4: 20 | D4: 0 | E4: 0 | F4: 0 | G4: 0 | H4: 0 | I4: 0 | J4: 0 | K4: 1 | L4: 3 | M4: 150 | N4: =IF(K4=1,VLOOKUP(L4,UNIQUE_SUB_OPTION_TYPE,2,0)&" "&M4&" 증가",VLOOKUP(E4,ITEM!$A:$B,2,0)&" X"&F4&" / "&VLOOKUP(G4,ITEM!$A:$B,2,0)&" X"&H4&" / "&VLOOKUP(I4,ITEM!$A:$B,2,0)&" X"&J4) -> 명중 수치 150 증가
A5: =VLOOKUP(B5,STUDENT_UNIQUE_ITEM!$B:$D,3,0)*ID규칙_애용품_티어_단위+COUNTIF($B$4:B5,B5) -> 113052 | B5: 아루의 엄청 귀중한 지갑 | C5: 25 | D5: 500000 | E5: 616018 | F5: 4 | G5: 311017 | H5: 80 | I5: 311018 | J5: 25 | K5: 2 | L5: 13051 | M5: 0 | N5: =IF(K5=1,VLOOKUP(L5,UNIQUE_SUB_OPTION_TYPE,2,0)&" "&M5&" 증가",VLOOKUP(E5,ITEM!$A:$B,2,0)&" X"&F5&" / "&VLOOKUP(G5,ITEM!$A:$B,2,0)&" X"&H5&" / "&VLOOKUP(I5,ITEM!$A:$B,2,0)&" X"&J5) -> 매장금의 지도 X4 / 로혼치 사본 페이지 X80 / 훼손된 로혼치 사본 X25
A6: =VLOOKUP(B6,STUDENT_UNIQUE_ITEM!$B:$D,3,0)*ID규칙_애용품_티어_단위+COUNTIF($B$4:B6,B6) -> 113421 | B6: 츠루기의 특별한 상자 | C6: 20 | D6: 0 | E6: 0 | F6: 0 | G6: 0 | H6: 0 | I6: 0 | J6: 0 | K6: 1 | L6: 10 | M6: 1500 | N6: =IF(K6=1,VLOOKUP(L6,UNIQUE_SUB_OPTION_TYPE,2,0)&" "&M6&" 증가",VLOOKUP(E6,ITEM!$A:$B,2,0)&" X"&F6&" / "&VLOOKUP(G6,ITEM!$A:$B,2,0)&" X"&H6&" / "&VLOOKUP(I6,ITEM!$A:$B,2,0)&" X"&J6) -> 공격 속도 1500 증가
A7: =VLOOKUP(B7,STUDENT_UNIQUE_ITEM!$B:$D,3,0)*ID규칙_애용품_티어_단위+COUNTIF($B$4:B7,B7) -> 113422 | B7: 츠루기의 특별한 상자 | C7: 25 | D7: 500000 | E7: 616004 | F7: 4 | G7: 311021 | H7: 80 | I7: 311022 | J7: 25 | K7: 2 | L7: 13421 | M7: 0 | N7: =IF(K7=1,VLOOKUP(L7,UNIQUE_SUB_OPTION_TYPE,2,0)&" "&M7&" 증가",VLOOKUP(E7,ITEM!$A:$B,2,0)&" X"&F7&" / "&VLOOKUP(G7,ITEM!$A:$B,2,0)&" X"&H7&" / "&VLOOKUP(I7,ITEM!$A:$B,2,0)&" X"&J7) -> 금단의 연애 X4 / 에테르 가루 X80 / 에테르 조각 X25
A8: =VLOOKUP(B8,STUDENT_UNIQUE_ITEM!$B:$D,3,0)*ID규칙_애용품_티어_단위+COUNTIF($B$4:B8,B8) -> 113531 | B8: 슌의 어린시절 추억 | C8: 20 | D8: 0 | E8: 0 | F8: 0 | G8: 0 | H8: 0 | I8: 0 | J8: 0 | K8: 1 | L8: 4 | M8: 2000 | N8: =IF(K8=1,VLOOKUP(L8,UNIQUE_SUB_OPTION_TYPE,2,0)&" "&M8&" 증가",VLOOKUP(E8,ITEM!$A:$B,2,0)&" X"&F8&" / "&VLOOKUP(G8,ITEM!$A:$B,2,0)&" X"&H8&" / "&VLOOKUP(I8,ITEM!$A:$B,2,0)&" X"&J8) -> 치명 대미지 2000 증가
A9: =VLOOKUP(B9,STUDENT_UNIQUE_ITEM!$B:$D,3,0)*ID규칙_애용품_티어_단위+COUNTIF($B$4:B9,B9) -> 113532 | B9: 슌의 어린시절 추억 | C9: 25 | D9: 500000 | E9: 616009 | F9: 4 | G9: 311029 | H9: 80 | I9: 311030 | J9: 25 | K9: 2 | L9: 13531 | M9: 0 | N9: =IF(K9=1,VLOOKUP(L9,UNIQUE_SUB_OPTION_TYPE,2,0)&" "&M9&" 증가",VLOOKUP(E9,ITEM!$A:$B,2,0)&" X"&F9&" / "&VLOOKUP(G9,ITEM!$A:$B,2,0)&" X"&H9&" / "&VLOOKUP(I9,ITEM!$A:$B,2,0)&" X"&J9) -> 고급 쿠키 세트 X4 / 보이니치 사본 페이지 X80 / 훼손된 보이니치 사본 X25
A10: =VLOOKUP(B10,STUDENT_UNIQUE_ITEM!$B:$D,3,0)*ID규칙_애용품_티어_단위+COUNTIF($B$4:B10,B10) -> 111211 | B10: 토끼꼬리 수류탄 | C10: 20 | D10: 0 | E10: 0 | F10: 0 | G10: 0 | H10: 0 | I10: 0 | J10: 0 | K10: 1 | L10: 1 | M10: 200 | N10: =IF(K10=1,VLOOKUP(L10,UNIQUE_SUB_OPTION_TYPE,2,0)&" "&M10&" 증가",VLOOKUP(E10,ITEM!$A:$B,2,0)&" X"&F10&" / "&VLOOKUP(G10,ITEM!$A:$B,2,0)&" X"&H10&" / "&VLOOKUP(I10,ITEM!$A:$B,2,0)&" X"&J10) -> 공격력 200 증가
A11: =VLOOKUP(B11,STUDENT_UNIQUE_ITEM!$B:$D,3,0)*ID규칙_애용품_티어_단위+COUNTIF($B$4:B11,B11) -> 111212 | B11: 토끼꼬리 수류탄 | C11: 25 | D11: 500000 | E11: 616028 | F11: 4 | G11: 311001 | H11: 80 | I11: 311002 | J11: 25 | K11: 2 | L11: 11211 | M11: 0 | N11: =IF(K11=1,VLOOKUP(L11,UNIQUE_SUB_OPTION_TYPE,2,0)&" "&M11&" 증가",VLOOKUP(E11,ITEM!$A:$B,2,0)&" X"&F11&" / "&VLOOKUP(G11,ITEM!$A:$B,2,0)&" X"&H11&" / "&VLOOKUP(I11,ITEM!$A:$B,2,0)&" X"&J11) -> 대형 홀 케이크 X4 / 네브라 디스크 조각 X80 / 파손된 네브라 디스크 X25
A12: =VLOOKUP(B12,STUDENT_UNIQUE_ITEM!$B:$D,3,0)*ID규칙_애용품_티어_단위+COUNTIF($B$4:B12,B12) -> 122171 | B12: 유우카의 함수 계산기 | C12: 20 | D12: 0 | E12: 0 | F12: 0 | G12: 0 | H12: 0 | I12: 0 | J12: 0 | K12: 1 | L12: 2 | M12: 500 | N12: =IF(K12=1,VLOOKUP(L12,UNIQUE_SUB_OPTION_TYPE,2,0)&" "&M12&" 증가",VLOOKUP(E12,ITEM!$A:$B,2,0)&" X"&F12&" / "&VLOOKUP(G12,ITEM!$A:$B,2,0)&" X"&H12&" / "&VLOOKUP(I12,ITEM!$A:$B,2,0)&" X"&J12) -> 방어력 500 증가
A13: =VLOOKUP(B13,STUDENT_UNIQUE_ITEM!$B:$D,3,0)*ID규칙_애용품_티어_단위+COUNTIF($B$4:B13,B13) -> 122172 | B13: 유우카의 함수 계산기 | C13: 25 | D13: 500000 | E13: 616026 | F13: 4 | G13: 311025 | H13: 80 | I13: 311026 | J13: 25 | K13: 2 | L13: 22171 | M13: 0 | N13: =IF(K13=1,VLOOKUP(L13,UNIQUE_SUB_OPTION_TYPE,2,0)&" "&M13&" 증가",VLOOKUP(E13,ITEM!$A:$B,2,0)&" X"&F13&" / "&VLOOKUP(G13,ITEM!$A:$B,2,0)&" X"&H13&" / "&VLOOKUP(I13,ITEM!$A:$B,2,0)&" X"&J13) -> 두뇌개발용 퍼즐 큐브 X4 / 안티키테라 장치 조각 X80 / 파손된 안티키테라 장치 X25
A14: =VLOOKUP(B14,STUDENT_UNIQUE_ITEM!$B:$D,3,0)*ID규칙_애용품_티어_단위+COUNTIF($B$4:B14,B14) -> 242091 | B14: 아테나 3호 | C14: 20 | D14: 0 | E14: 0 | F14: 0 | G14: 0 | H14: 0 | I14: 0 | J14: 0 | K14: 1 | L14: 1 | M14: 400 | N14: =IF(K14=1,VLOOKUP(L14,UNIQUE_SUB_OPTION_TYPE,2,0)&" "&M14&" 증가",VLOOKUP(E14,ITEM!$A:$B,2,0)&" X"&F14&" / "&VLOOKUP(G14,ITEM!$A:$B,2,0)&" X"&H14&" / "&VLOOKUP(I14,ITEM!$A:$B,2,0)&" X"&J14) -> 공격력 400 증가
A15: =VLOOKUP(B15,STUDENT_UNIQUE_ITEM!$B:$D,3,0)*ID규칙_애용품_티어_단위+COUNTIF($B$4:B15,B15) -> 242092 | B15: 아테나 3호 | C15: 25 | D15: 500000 | E15: 515002 | F15: 4 | G15: 311009 | H15: 80 | I15: 311010 | J15: 25 | K15: 2 | L15: 42091 | M15: 0 | N15: =IF(K15=1,VLOOKUP(L15,UNIQUE_SUB_OPTION_TYPE,2,0)&" "&M15&" 증가",VLOOKUP(E15,ITEM!$A:$B,2,0)&" X"&F15&" / "&VLOOKUP(G15,ITEM!$A:$B,2,0)&" X"&H15&" / "&VLOOKUP(I15,ITEM!$A:$B,2,0)&" X"&J15) -> 게임 잡지 X4 / 볼프세크 철광석 X80 / 볼프세크 철조각 X25
A16: =VLOOKUP(B16,STUDENT_UNIQUE_ITEM!$B:$D,3,0)*ID규칙_애용품_티어_단위+COUNTIF($B$4:B16,B16) -> 113571 | B16: 목욕 보좌관 | C16: 20 | D16: 0 | E16: 0 | F16: 0 | G16: 0 | H16: 0 | I16: 0 | J16: 0 | K16: 1 | L16: 1 | M16: 1000 | N16: =IF(K16=1,VLOOKUP(L16,UNIQUE_SUB_OPTION_TYPE,2,0)&" "&M16&" 증가",VLOOKUP(E16,ITEM!$A:$B,2,0)&" X"&F16&" / "&VLOOKUP(G16,ITEM!$A:$B,2,0)&" X"&H16&" / "&VLOOKUP(I16,ITEM!$A:$B,2,0)&" X"&J16) -> 공격력 1000 증가
A17: =VLOOKUP(B17,STUDENT_UNIQUE_ITEM!$B:$D,3,0)*ID규칙_애용품_티어_단위+COUNTIF($B$4:B17,B17) -> 113572 | B17: 목욕 보좌관 | C17: 25 | D17: 500000 | E17: 616018 | F17: 4 | G17: 311009 | H17: 80 | I17: 311010 | J17: 25 | K17: 2 | L17: 13571 | M17: 0 | N17: =IF(K17=1,VLOOKUP(L17,UNIQUE_SUB_OPTION_TYPE,2,0)&" "&M17&" 증가",VLOOKUP(E17,ITEM!$A:$B,2,0)&" X"&F17&" / "&VLOOKUP(G17,ITEM!$A:$B,2,0)&" X"&H17&" / "&VLOOKUP(I17,ITEM!$A:$B,2,0)&" X"&J17) -> 매장금의 지도 X4 / 볼프세크 철광석 X80 / 볼프세크 철조각 X25
A18: =VLOOKUP(B18,STUDENT_UNIQUE_ITEM!$B:$D,3,0)*ID규칙_애용품_티어_단위+COUNTIF($B$4:B18,B18) -> 112251 | B18: 마이스터의 공구 세트 | C18: 20 | D18: 0 | E18: 0 | F18: 0 | G18: 0 | H18: 0 | I18: 0 | J18: 0 | K18: 1 | L18: 10 | M18: 2000 | N18: =IF(K18=1,VLOOKUP(L18,UNIQUE_SUB_OPTION_TYPE,2,0)&" "&M18&" 증가",VLOOKUP(E18,ITEM!$A:$B,2,0)&" X"&F18&" / "&VLOOKUP(G18,ITEM!$A:$B,2,0)&" X"&H18&" / "&VLOOKUP(I18,ITEM!$A:$B,2,0)&" X"&J18) -> 공격 속도 2000 증가
A19: =VLOOKUP(B19,STUDENT_UNIQUE_ITEM!$B:$D,3,0)*ID규칙_애용품_티어_단위+COUNTIF($B$4:B19,B19) -> 112252 | B19: 마이스터의 공구 세트 | C19: 25 | D19: 500000 | E19: 616011 | F19: 4 | G19: 311013 | H19: 80 | I19: 311014 | J19: 25 | K19: 2 | L19: 12251 | M19: 0 | N19: =IF(K19=1,VLOOKUP(L19,UNIQUE_SUB_OPTION_TYPE,2,0)&" "&M19&" 증가",VLOOKUP(E19,ITEM!$A:$B,2,0)&" X"&F19&" / "&VLOOKUP(G19,ITEM!$A:$B,2,0)&" X"&H19&" / "&VLOOKUP(I19,ITEM!$A:$B,2,0)&" X"&J19) -> 천체망원경 X4 / 만드라고라 씨앗 X80 / 만드라고라 새싹 X25
A20: =VLOOKUP(B20,STUDENT_UNIQUE_ITEM!$B:$D,3,0)*ID규칙_애용품_티어_단위+COUNTIF($B$4:B20,B20) -> 113011 | B20: 시로코의 드론 | C20: 20 | D20: 0 | E20: 0 | F20: 0 | G20: 0 | H20: 0 | I20: 0 | J20: 0 | K20: 1 | L20: 4 | M20: 2000 | N20: =IF(K20=1,VLOOKUP(L20,UNIQUE_SUB_OPTION_TYPE,2,0)&" "&M20&" 증가",VLOOKUP(E20,ITEM!$A:$B,2,0)&" X"&F20&" / "&VLOOKUP(G20,ITEM!$A:$B,2,0)&" X"&H20&" / "&VLOOKUP(I20,ITEM!$A:$B,2,0)&" X"&J20) -> 치명 대미지 2000 증가
A21: =VLOOKUP(B21,STUDENT_UNIQUE_ITEM!$B:$D,3,0)*ID규칙_애용품_티어_단위+COUNTIF($B$4:B21,B21) -> 113012 | B21: 시로코의 드론 | C21: 25 | D21: 500000 | E21: 616002 | F21: 4 | G21: 311005 | H21: 80 | I21: 311006 | J21: 25 | K21: 2 | L21: 13011 | M21: 0 | N21: =IF(K21=1,VLOOKUP(L21,UNIQUE_SUB_OPTION_TYPE,2,0)&" "&M21&" 증가",VLOOKUP(E21,ITEM!$A:$B,2,0)&" X"&F21&" / "&VLOOKUP(G21,ITEM!$A:$B,2,0)&" X"&H21&" / "&VLOOKUP(I21,ITEM!$A:$B,2,0)&" X"&J21) -> 페로로 휠 슬라이드 X4 / 파에스토스 원반 조각 X80 / 파손된 파에스토스 원반 X25
A22: =VLOOKUP(B22,STUDENT_UNIQUE_ITEM!$B:$D,3,0)*ID규칙_애용품_티어_단위+COUNTIF($B$4:B22,B22) -> 113201 | B22: 네루의 스카잔 | C22: 20 | D22: 0 | E22: 0 | F22: 0 | G22: 0 | H22: 0 | I22: 0 | J22: 0 | K22: 1 | L22: 1 | M22: 600 | N22: =IF(K22=1,VLOOKUP(L22,UNIQUE_SUB_OPTION_TYPE,2,0)&" "&M22&" 증가",VLOOKUP(E22,ITEM!$A:$B,2,0)&" X"&F22&" / "&VLOOKUP(G22,ITEM!$A:$B,2,0)&" X"&H22&" / "&VLOOKUP(I22,ITEM!$A:$B,2,0)&" X"&J22) -> 공격력 600 증가
A23: =VLOOKUP(B23,STUDENT_UNIQUE_ITEM!$B:$D,3,0)*ID규칙_애용품_티어_단위+COUNTIF($B$4:B23,B23) -> 113202 | B23: 네루의 스카잔 | C23: 25 | D23: 500000 | E23: 616019 | F23: 4 | G23: 311025 | H23: 80 | I23: 311026 | J23: 25 | K23: 2 | L23: 13201 | M23: 0 | N23: =IF(K23=1,VLOOKUP(L23,UNIQUE_SUB_OPTION_TYPE,2,0)&" "&M23&" 증가",VLOOKUP(E23,ITEM!$A:$B,2,0)&" X"&F23&" / "&VLOOKUP(G23,ITEM!$A:$B,2,0)&" X"&H23&" / "&VLOOKUP(I23,ITEM!$A:$B,2,0)&" X"&J23) -> 코스프레용 뱅뱅이 안경 X4 / 안티키테라 장치 조각 X80 / 파손된 안티키테라 장치 X25
A24: =VLOOKUP(B24,STUDENT_UNIQUE_ITEM!$B:$D,3,0)*ID규칙_애용품_티어_단위+COUNTIF($B$4:B24,B24) -> 112121 | B24: 맛집 순방 수첩 | C24: 20 | D24: 0 | E24: 0 | F24: 0 | G24: 0 | H24: 0 | I24: 0 | J24: 0 | K24: 1 | L24: 1 | M24: 800 | N24: =IF(K24=1,VLOOKUP(L24,UNIQUE_SUB_OPTION_TYPE,2,0)&" "&M24&" 증가",VLOOKUP(E24,ITEM!$A:$B,2,0)&" X"&F24&" / "&VLOOKUP(G24,ITEM!$A:$B,2,0)&" X"&H24&" / "&VLOOKUP(I24,ITEM!$A:$B,2,0)&" X"&J24) -> 공격력 800 증가
A25: =VLOOKUP(B25,STUDENT_UNIQUE_ITEM!$B:$D,3,0)*ID규칙_애용품_티어_단위+COUNTIF($B$4:B25,B25) -> 112122 | B25: 맛집 순방 수첩 | C25: 25 | D25: 500000 | E25: 616009 | F25: 4 | G25: 311013 | H25: 80 | I25: 311014 | J25: 25 | K25: 2 | L25: 12121 | M25: 0 | N25: =IF(K25=1,VLOOKUP(L25,UNIQUE_SUB_OPTION_TYPE,2,0)&" "&M25&" 증가",VLOOKUP(E25,ITEM!$A:$B,2,0)&" X"&F25&" / "&VLOOKUP(G25,ITEM!$A:$B,2,0)&" X"&H25&" / "&VLOOKUP(I25,ITEM!$A:$B,2,0)&" X"&J25) -> 고급 쿠키 세트 X4 / 만드라고라 씨앗 X80 / 만드라고라 새싹 X25
A26: =VLOOKUP(B26,STUDENT_UNIQUE_ITEM!$B:$D,3,0)*ID규칙_애용품_티어_단위+COUNTIF($B$4:B26,B26) -> 141361 | B26: 패트롤 헤드폰 | C26: 20 | D26: 0 | E26: 0 | F26: 0 | G26: 0 | H26: 0 | I26: 0 | J26: 0 | K26: 1 | L26: 8 | M26: 20 | N26: =IF(K26=1,VLOOKUP(L26,UNIQUE_SUB_OPTION_TYPE,2,0)&" "&M26&" 증가",VLOOKUP(E26,ITEM!$A:$B,2,0)&" X"&F26&" / "&VLOOKUP(G26,ITEM!$A:$B,2,0)&" X"&H26&" / "&VLOOKUP(I26,ITEM!$A:$B,2,0)&" X"&J26) -> 군중 제어 강화력 20 증가
A27: =VLOOKUP(B27,STUDENT_UNIQUE_ITEM!$B:$D,3,0)*ID규칙_애용품_티어_단위+COUNTIF($B$4:B27,B27) -> 141362 | B27: 패트롤 헤드폰 | C27: 25 | D27: 500000 | E27: 616021 | F27: 4 | G27: 311021 | H27: 80 | I27: 311022 | J27: 25 | K27: 2 | L27: 41361 | M27: 0 | N27: =IF(K27=1,VLOOKUP(L27,UNIQUE_SUB_OPTION_TYPE,2,0)&" "&M27&" 증가",VLOOKUP(E27,ITEM!$A:$B,2,0)&" X"&F27&" / "&VLOOKUP(G27,ITEM!$A:$B,2,0)&" X"&H27&" / "&VLOOKUP(I27,ITEM!$A:$B,2,0)&" X"&J27) -> 리본이 달린 곰인형 X4 / 에테르 가루 X80 / 에테르 조각 X25
A28: =VLOOKUP(B28,STUDENT_UNIQUE_ITEM!$B:$D,3,0)*ID규칙_애용품_티어_단위+COUNTIF($B$4:B28,B28) -> 113131 | B28: 행운의 핫도그 모형 | C28: 20 | D28: 0 | E28: 0 | F28: 0 | G28: 0 | H28: 0 | I28: 0 | J28: 0 | K28: 1 | L28: 10 | M28: 3000 | N28: =IF(K28=1,VLOOKUP(L28,UNIQUE_SUB_OPTION_TYPE,2,0)&" "&M28&" 증가",VLOOKUP(E28,ITEM!$A:$B,2,0)&" X"&F28&" / "&VLOOKUP(G28,ITEM!$A:$B,2,0)&" X"&H28&" / "&VLOOKUP(I28,ITEM!$A:$B,2,0)&" X"&J28) -> 공격 속도 3000 증가
A29: =VLOOKUP(B29,STUDENT_UNIQUE_ITEM!$B:$D,3,0)*ID규칙_애용품_티어_단위+COUNTIF($B$4:B29,B29) -> 113132 | B29: 행운의 핫도그 모형 | C29: 25 | D29: 500000 | E29: 616014 | F29: 4 | G29: 311013 | H29: 80 | I29: 311014 | J29: 25 | K29: 2 | L29: 13131 | M29: 0 | N29: =IF(K29=1,VLOOKUP(L29,UNIQUE_SUB_OPTION_TYPE,2,0)&" "&M29&" 증가",VLOOKUP(E29,ITEM!$A:$B,2,0)&" X"&F29&" / "&VLOOKUP(G29,ITEM!$A:$B,2,0)&" X"&H29&" / "&VLOOKUP(I29,ITEM!$A:$B,2,0)&" X"&J29) -> 말차맛 라무네 X4 / 만드라고라 씨앗 X80 / 만드라고라 새싹 X25
A30: =VLOOKUP(B30,STUDENT_UNIQUE_ITEM!$B:$D,3,0)*ID규칙_애용품_티어_단위+COUNTIF($B$4:B30,B30) -> 123281 | B30: 초냉각 선풍기 | C30: 20 | D30: 0 | E30: 0 | F30: 0 | G30: 0 | H30: 0 | I30: 0 | J30: 0 | K30: 1 | L30: 7 | M30: 10000 | N30: =IF(K30=1,VLOOKUP(L30,UNIQUE_SUB_OPTION_TYPE,2,0)&" "&M30&" 증가",VLOOKUP(E30,ITEM!$A:$B,2,0)&" X"&F30&" / "&VLOOKUP(G30,ITEM!$A:$B,2,0)&" X"&H30&" / "&VLOOKUP(I30,ITEM!$A:$B,2,0)&" X"&J30) -> 최대 체력 10000 증가
A31: =VLOOKUP(B31,STUDENT_UNIQUE_ITEM!$B:$D,3,0)*ID규칙_애용품_티어_단위+COUNTIF($B$4:B31,B31) -> 123282 | B31: 초냉각 선풍기 | C31: 25 | D31: 500000 | E31: 616033 | F31: 4 | G31: 311061 | H31: 80 | I31: 311062 | J31: 25 | K31: 2 | L31: 23281 | M31: 0 | N31: =IF(K31=1,VLOOKUP(L31,UNIQUE_SUB_OPTION_TYPE,2,0)&" "&M31&" 증가",VLOOKUP(E31,ITEM!$A:$B,2,0)&" X"&F31&" / "&VLOOKUP(G31,ITEM!$A:$B,2,0)&" X"&H31&" / "&VLOOKUP(I31,ITEM!$A:$B,2,0)&" X"&J31) -> 태엽장치 오르골 X4 / 님루드 렌즈 조각 X80 / 파손된 님루드 렌즈 X25
A32: =VLOOKUP(B32,STUDENT_UNIQUE_ITEM!$B:$D,3,0)*ID규칙_애용품_티어_단위+COUNTIF($B$4:B32,B32) -> 113091 | B32: 선도부의 비품 튜브 | C32: 20 | D32: 0 | E32: 0 | F32: 0 | G32: 0 | H32: 0 | I32: 0 | J32: 0 | K32: 1 | L32: 1 | M32: 1500 | N32: =IF(K32=1,VLOOKUP(L32,UNIQUE_SUB_OPTION_TYPE,2,0)&" "&M32&" 증가",VLOOKUP(E32,ITEM!$A:$B,2,0)&" X"&F32&" / "&VLOOKUP(G32,ITEM!$A:$B,2,0)&" X"&H32&" / "&VLOOKUP(I32,ITEM!$A:$B,2,0)&" X"&J32) -> 공격력 1500 증가
A33: =VLOOKUP(B33,STUDENT_UNIQUE_ITEM!$B:$D,3,0)*ID규칙_애용품_티어_단위+COUNTIF($B$4:B33,B33) -> 113092 | B33: 선도부의 비품 튜브 | C33: 25 | D33: 500000 | E33: 616020 | F33: 4 | G33: 311029 | H33: 80 | I33: 311030 | J33: 25 | K33: 2 | L33: 13091 | M33: 0 | N33: =IF(K33=1,VLOOKUP(L33,UNIQUE_SUB_OPTION_TYPE,2,0)&" "&M33&" 증가",VLOOKUP(E33,ITEM!$A:$B,2,0)&" X"&F33&" / "&VLOOKUP(G33,ITEM!$A:$B,2,0)&" X"&H33&" / "&VLOOKUP(I33,ITEM!$A:$B,2,0)&" X"&J33) -> 세상에서 가장 쓸데없는 기계 X4 / 보이니치 사본 페이지 X80 / 훼손된 보이니치 사본 X25
A34: =VLOOKUP(B34,STUDENT_UNIQUE_ITEM!$B:$D,3,0)*ID규칙_애용품_티어_단위+COUNTIF($B$4:B34,B34) -> 143331 | B34: 모모프렌즈 스페셜 티포트 | C34: 20 | D34: 0 | E34: 0 | F34: 0 | G34: 0 | H34: 0 | I34: 0 | J34: 0 | K34: 1 | L34: 1 | M34: 500 | N34: =IF(K34=1,VLOOKUP(L34,UNIQUE_SUB_OPTION_TYPE,2,0)&" "&M34&" 증가",VLOOKUP(E34,ITEM!$A:$B,2,0)&" X"&F34&" / "&VLOOKUP(G34,ITEM!$A:$B,2,0)&" X"&H34&" / "&VLOOKUP(I34,ITEM!$A:$B,2,0)&" X"&J34) -> 공격력 500 증가
A35: =VLOOKUP(B35,STUDENT_UNIQUE_ITEM!$B:$D,3,0)*ID규칙_애용품_티어_단위+COUNTIF($B$4:B35,B35) -> 143332 | B35: 모모프렌즈 스페셜 티포트 | C35: 25 | D35: 500000 | E35: 616002 | F35: 4 | G35: 311009 | H35: 80 | I35: 311010 | J35: 25 | K35: 2 | L35: 43331 | M35: 0 | N35: =IF(K35=1,VLOOKUP(L35,UNIQUE_SUB_OPTION_TYPE,2,0)&" "&M35&" 증가",VLOOKUP(E35,ITEM!$A:$B,2,0)&" X"&F35&" / "&VLOOKUP(G35,ITEM!$A:$B,2,0)&" X"&H35&" / "&VLOOKUP(I35,ITEM!$A:$B,2,0)&" X"&J35) -> 페로로 휠 슬라이드 X4 / 볼프세크 철광석 X80 / 볼프세크 철조각 X25

Sheet UNIQUE_SKILL_REINFORCE
A1: 아이디 | B1: #애용품 이름 | C1: 애용품 강화 스킬 그룹 | D1: 스킬 레벨 | E1: 컨디션 타입_1 | F1: 옵션 타입_1 | G1: 옵션 값_1 | H1: 옵션 비율_1 | I1: 지속 시간_1 | J1: 발동 횟수_1 | K1: 쿨타임_1 | L1: 컨디션 타입_2 | M1: 옵션 타입_2 | N1: 옵션 값_2 | O1: 옵션 비율_2 | P1: 지속 시간_2 | Q1: 발동 횟수_2 | R1: 쿨타임_2 | S1: #능력치 설명_1 | T1: #능력치 설명_2
A2: ID | B2: UNIQUE_ITEM_NAME | C2: UNIQUE_SKILL_REINFORCE_GROUP | D2: SKILL_LEVEL | E2: CONDITION_TYPE_1 | F2: OPTION_TYPE_1 | G2: OPTION_VALUE_1 | H2: OPTION_ISRATE_1 | I2: TIME_1 | J2: COUNT_1 | K2: COOLTIME_1 | L2: CONDITION_TYPE_2 | M2: OPTION_TYPE_2 | N2: OPTION_VALUE_2 | O2: OPTION_ISRATE_2 | P2: TIME_2 | Q2: COUNT_2 | R2: COOLTIME_2 | S2: STATUS_DESC_1 | T2: STATUS_DESC_2
A3: int | B3: 참조 | C3: int | D3: int | E3: int | F3: int | G3: int | H3: int | I3: int | J3: int | K3: int | L3: int | M3: int | N3: int | O3: int | P3: int | Q3: int | R3: int | S3: 참조 | T3: 참조
A4: =C4*ID규칙_애용품_강화_스킬_그룹_단위+D4 -> 1305101 | B4: 아루의 엄청 귀중한 지갑 | C4: =RIGHT(INDEX(STUDENT_UNIQUE_ITEM!$A:$A,MATCH(B4,STUDENT_UNIQUE_ITEM!$B:$B,0)),5) -> 13051 | D4: =COUNTIF($C$4:C4,C4) -> 1 | E4: 4 | F4: 1 | G4: 15600 | H4: 1 | I4: 25000 | J4: 1 | K4: 0 | L4: 5 | M4: 1 | N4: 15600 | O4: 1 | P4: 0 | Q4: 0 | R4: 0 | S4: =IFERROR(IF(E4>0,VLOOKUP(E4,UNIQUE_CONDITION_TYPE,2,0),"")&" "&VLOOKUP(F4,UNIQUE_OPTION_TYPE,2,0)&" "&IF(H4>0,G4/100&"%",G4)&IF(J4>0,IF(I4>0," ["&I4/1000,"")&"초마다 "&J4&"회]",IF(I4=0,"",IF(I4>0," ["&I4/1000,"")&"초 동안]"))&IF(K4>0," (쿨타임 "&K4/1000&"초)",""),"-") -> 적 1인 공격 시 공격력 156% [25초마다 1회] | T4: =IFERROR(IF(L4>0,VLOOKUP(L4,UNIQUE_CONDITION_TYPE,2,0),"")&" "&VLOOKUP(M4,UNIQUE_OPTION_TYPE,2,0)&" "&IF(O4>0,N4/100&"%",N4)&IF(Q4>0,IF(P4>0," ["&P4/1000,"")&"초마다 "&Q4&"회]",IF(P4=0,"",IF(P4>0," ["&P4/1000,"")&"초 동안]"))&IF(R4>0," (쿨타임 "&R4/1000&"초)",""),"-") -> 원형 범위 내 적 공격 시 공격력 156%
A5: =C5*ID규칙_애용품_강화_스킬_그룹_단위+D5 -> 1305102 | B5: 아루의 엄청 귀중한 지갑 | C5: =RIGHT(INDEX(STUDENT_UNIQUE_ITEM!$A:$A,MATCH(B5,STUDENT_UNIQUE_ITEM!$B:$B,0)),5) -> 13051 | D5: =COUNTIF($C$4:C5,C5) -> 2 | E5: 4 | F5: 1 | G5: 16300 | H5: 1 | I5: 25000 | J5: 1 | K5: 0 | L5: 5 | M5: 1 | N5: 26900 | O5: 1 | P5: 0 | Q5: 0 | R5: 0 | S5: =IFERROR(IF(E5>0,VLOOKUP(E5,UNIQUE_CONDITION_TYPE,2,0),"")&" "&VLOOKUP(F5,UNIQUE_OPTION_TYPE,2,0)&" "&IF(H5>0,G5/100&"%",G5)&IF(J5>0,IF(I5>0," ["&I5/1000,"")&"초마다 "&J5&"회]",IF(I5=0,"",IF(I5>0," ["&I5/1000,"")&"초 동안]"))&IF(K5>0," (쿨타임 "&K5/1000&"초)",""),"-") -> 적 1인 공격 시 공격력 163% [25초마다 1회] | T5: =IFERROR(IF(L5>0,VLOOKUP(L5,UNIQUE_CONDITION_TYPE,2,0),"")&" "&VLOOKUP(M5,UNIQUE_OPTION_TYPE,2,0)&" "&IF(N5=0,"",IF(O5>0,N5/100&"%",N5))&IF(Q5>0,IF(P5>0," ["&P5/1000,"")&"초마다 "&Q5&"회]",IF(P5=0,"",IF(P5>0," ["&P5/1000,"")&"초 동안]"))&IF(R5>0," (쿨타임 "&R5/1000&"초)",""),"-") -> 원형 범위 내 적 공격 시 공격력 269%
A6: =C6*ID규칙_애용품_강화_스킬_그룹_단위+D6 -> 1305103 | B6: 아루의 엄청 귀중한 지갑 | C6: =RIGHT(INDEX(STUDENT_UNIQUE_ITEM!$A:$A,MATCH(B6,STUDENT_UNIQUE_ITEM!$B:$B,0)),5) -> 13051 | D6: =COUNTIF($C$4:C6,C6) -> 3 | E6: 4 | F6: 1 | G6: 17100 | H6: 1 | I6: 25000 | J6: 1 | K6: 0 | L6: 5 | M6: 1 | N6: 28200 | O6: 1 | P6: 0 | Q6: 0 | R6: 0 | S6: =IFERROR(IF(E6>0,VLOOKUP(E6,UNIQUE_CONDITION_TYPE,2,0),"")&" "&VLOOKUP(F6,UNIQUE_OPTION_TYPE,2,0)&" "&IF(G6=0,"",IF(H6>0,G6/100&"%",G6))&IF(J6>0,IF(I6>0," ["&I6/1000,"")&"초마다 "&J6&"회]",IF(I6=0,"",IF(I6>0," ["&I6/1000,"")&"초 동안]"))&IF(K6>0," (쿨타임 "&K6/1000&"초)",""),"-") -> 적 1인 공격 시 공격력 171% [25초마다 1회] | T6: =IFERROR(IF(L6>0,VLOOKUP(L6,UNIQUE_CONDITION_TYPE,2,0),"")&" "&VLOOKUP(M6,UNIQUE_OPTION_TYPE,2,0)&" "&IF(N6=0,"",IF(O6>0,N6/100&"%",N6))&IF(Q6>0,IF(P6>0," ["&P6/1000,"")&"초마다 "&Q6&"회]",IF(P6=0,"",IF(P6>0," ["&P6/1000,"")&"초 동안]"))&IF(R6>0," (쿨타임 "&R6/1000&"초)",""),"-") -> 원형 범위 내 적 공격 시 공격력 282%
A7: =C7*ID규칙_애용품_강화_스킬_그룹_단위+D7 -> 1305104 | B7: 아루의 엄청 귀중한 지갑 | C7: =RIGHT(INDEX(STUDENT_UNIQUE_ITEM!$A:$A,MATCH(B7,STUDENT_UNIQUE_ITEM!$B:$B,0)),5) -> 13051 | D7: =COUNTIF($C$4:C7,C7) -> 4 | E7: 4 | F7: 1 | G7: 20300 | H7: 1 | I7: 25000 | J7: 1 | K7: 0 | L7: 5 | M7: 1 | N7: 33300 | O7: 1 | P7: 0 | Q7: 0 | R7: 0 | S7: =IFERROR(IF(E7>0,VLOOKUP(E7,UNIQUE_CONDITION_TYPE,2,0),"")&" "&VLOOKUP(F7,UNIQUE_OPTION_TYPE,2,0)&" "&IF(G7=0,"",IF(H7>0,G7/100&"%",G7))&IF(J7>0,IF(I7>0," ["&I7/1000,"")&"초마다 "&J7&"회]",IF(I7=0,"",IF(I7>0," ["&I7/1000,"")&"초 동안]"))&IF(K7>0," (쿨타임 "&K7/1000&"초)",""),"-") -> 적 1인 공격 시 공격력 203% [25초마다 1회] | T7: =IFERROR(IF(L7>0,VLOOKUP(L7,UNIQUE_CONDITION_TYPE,2,0),"")&" "&VLOOKUP(M7,UNIQUE_OPTION_TYPE,2,0)&" "&IF(N7=0,"",IF(O7>0,N7/100&"%",N7))&IF(Q7>0,IF(P7>0," ["&P7/1000,"")&"초마다 "&Q7&"회]",IF(P7=0,"",IF(P7>0," ["&P7/1000,"")&"초 동안]"))&IF(R7>0," (쿨타임 "&R7/1000&"초)",""),"-") -> 원형 범위 내 적 공격 시 공격력 333%
A8: =C8*ID규칙_애용품_강화_스킬_그룹_단위+D8 -> 1305105 | B8: 아루의 엄청 귀중한 지갑 | C8: =RIGHT(INDEX(STUDENT_UNIQUE_ITEM!$A:$A,MATCH(B8,STUDENT_UNIQUE_ITEM!$B:$B,0)),5) -> 13051 | D8: =COUNTIF($C$4:C8,C8) -> 5 | E8: 4 | F8: 1 | G8: 21000 | H8: 1 | I8: 25000 | J8: 1 | K8: 0 | L8: 5 | M8: 1 | N8: 34600 | O8: 1 | P8: 0 | Q8: 0 | R8: 0 | S8: =IFERROR(IF(E8>0,VLOOKUP(E8,UNIQUE_CONDITION_TYPE,2,0),"")&" "&VLOOKUP(F8,UNIQUE_OPTION_TYPE,2,0)&" "&IF(G8=0,"",IF(H8>0,G8/100&"%",G8))&IF(J8>0,IF(I8>0," ["&I8/1000,"")&"초마다 "&J8&"회]",IF(I8=0,"",IF(I8>0," ["&I8/1000,"")&"초 동안]"))&IF(K8>0," (쿨타임 "&K8/1000&"초)",""),"-") -> 적 1인 공격 시 공격력 210% [25초마다 1회] | T8: =IFERROR(IF(L8>0,VLOOKUP(L8,UNIQUE_CONDITION_TYPE,2,0),"")&" "&VLOOKUP(M8,UNIQUE_OPTION_TYPE,2,0)&" "&IF(N8=0,"",IF(O8>0,N8/100&"%",N8))&IF(Q8>0,IF(P8>0," ["&P8/1000,"")&"초마다 "&Q8&"회]",IF(P8=0,"",IF(P8>0," ["&P8/1000,"")&"초 동안]"))&IF(R8>0," (쿨타임 "&R8/1000&"초)",""),"-") -> 원형 범위 내 적 공격 시 공격력 346%
A9: =C9*ID규칙_애용품_강화_스킬_그룹_단위+D9 -> 1305106 | B9: 아루의 엄청 귀중한 지갑 | C9: =RIGHT(INDEX(STUDENT_UNIQUE_ITEM!$A:$A,MATCH(B9,STUDENT_UNIQUE_ITEM!$B:$B,0)),5) -> 13051 | D9: =COUNTIF($C$4:C9,C9) -> 6 | E9: 4 | F9: 1 | G9: 21800 | H9: 1 | I9: 25000 | J9: 1 | K9: 0 | L9: 5 | M9: 1 | N9: 35900 | O9: 1 | P9: 0 | Q9: 0 | R9: 0 | S9: =IFERROR(IF(E9>0,VLOOKUP(E9,UNIQUE_CONDITION_TYPE,2,0),"")&" "&VLOOKUP(F9,UNIQUE_OPTION_TYPE,2,0)&" "&IF(G9=0,"",IF(H9>0,G9/100&"%",G9))&IF(J9>0,IF(I9>0," ["&I9/1000,"")&"초마다 "&J9&"회]",IF(I9=0,"",IF(I9>0," ["&I9/1000,"")&"초 동안]"))&IF(K9>0," (쿨타임 "&K9/1000&"초)",""),"-") -> 적 1인 공격 시 공격력 218% [25초마다 1회] | T9: =IFERROR(IF(L9>0,VLOOKUP(L9,UNIQUE_CONDITION_TYPE,2,0),"")&" "&VLOOKUP(M9,UNIQUE_OPTION_TYPE,2,0)&" "&IF(N9=0,"",IF(O9>0,N9/100&"%",N9))&IF(Q9>0,IF(P9>0," ["&P9/1000,"")&"초마다 "&Q9&"회]",IF(P9=0,"",IF(P9>0," ["&P9/1000,"")&"초 동안]"))&IF(R9>0," (쿨타임 "&R9/1000&"초)",""),"-") -> 원형 범위 내 적 공격 시 공격력 359%
A10: =C10*ID규칙_애용품_강화_스킬_그룹_단위+D10 -> 1305107 | B10: 아루의 엄청 귀중한 지갑 | C10: =RIGHT(INDEX(STUDENT_UNIQUE_ITEM!$A:$A,MATCH(B10,STUDENT_UNIQUE_ITEM!$B:$B,0)),5) -> 13051 | D10: =COUNTIF($C$4:C10,C10) -> 7 | E10: 4 | F10: 1 | G10: 24900 | H10: 1 | I10: 25000 | J10: 1 | K10: 0 | L10: 5 | M10: 1 | N10: 41000 | O10: 1 | P10: 0 | Q10: 0 | R10: 0 | S10: =IFERROR(IF(E10>0,VLOOKUP(E10,UNIQUE_CONDITION_TYPE,2,0),"")&" "&VLOOKUP(F10,UNIQUE_OPTION_TYPE,2,0)&" "&IF(G10=0,"",IF(H10>0,G10/100&"%",G10))&IF(J10>0,IF(I10>0," ["&I10/1000,"")&"초마다 "&J10&"회]",IF(I10=0,"",IF(I10>0," ["&I10/1000,"")&"초 동안]"))&IF(K10>0," (쿨타임 "&K10/1000&"초)",""),"-") -> 적 1인 공격 시 공격력 249% [25초마다 1회] | T10: =IFERROR(IF(L10>0,VLOOKUP(L10,UNIQUE_CONDITION_TYPE,2,0),"")&" "&VLOOKUP(M10,UNIQUE_OPTION_TYPE,2,0)&" "&IF(N10=0,"",IF(O10>0,N10/100&"%",N10))&IF(Q10>0,IF(P10>0," ["&P10/1000,"")&"초마다 "&Q10&"회]",IF(P10=0,"",IF(P10>0," ["&P10/1000,"")&"초 동안]"))&IF(R10>0," (쿨타임 "&R10/1000&"초)",""),"-") -> 원형 범위 내 적 공격 시 공격력 410%
A11: =C11*ID규칙_애용품_강화_스킬_그룹_단위+D11 -> 1305108 | B11: 아루의 엄청 귀중한 지갑 | C11: =RIGHT(INDEX(STUDENT_UNIQUE_ITEM!$A:$A,MATCH(B11,STUDENT_UNIQUE_ITEM!$B:$B,0)),5) -> 13051 | D11: =COUNTIF($C$4:C11,C11) -> 8 | E11: 4 | F11: 1 | G11: 25700 | H11: 1 | I11: 25000 | J11: 1 | K11: 0 | L11: 5 | M11: 1 | N11: 42300 | O11: 1 | P11: 0 | Q11: 0 | R11: 0 | S11: =IFERROR(IF(E11>0,VLOOKUP(E11,UNIQUE_CONDITION_TYPE,2,0),"")&" "&VLOOKUP(F11,UNIQUE_OPTION_TYPE,2,0)&" "&IF(G11=0,"",IF(H11>0,G11/100&"%",G11))&IF(J11>0,IF(I11>0," ["&I11/1000,"")&"초마다 "&J11&"회]",IF(I11=0,"",IF(I11>0," ["&I11/1000,"")&"초 동안]"))&IF(K11>0," (쿨타임 "&K11/1000&"초)",""),"-") -> 적 1인 공격 시 공격력 257% [25초마다 1회] | T11: =IFERROR(IF(L11>0,VLOOKUP(L11,UNIQUE_CONDITION_TYPE,2,0),"")&" "&VLOOKUP(M11,UNIQUE_OPTION_TYPE,2,0)&" "&IF(N11=0,"",IF(O11>0,N11/100&"%",N11))&IF(Q11>0,IF(P11>0," ["&P11/1000,"")&"초마다 "&Q11&"회]",IF(P11=0,"",IF(P11>0," ["&P11/1000,"")&"초 동안]"))&IF(R11>0," (쿨타임 "&R11/1000&"초)",""),"-") -> 원형 범위 내 적 공격 시 공격력 423%
A12: =C12*ID규칙_애용품_강화_스킬_그룹_단위+D12 -> 1305109 | B12: 아루의 엄청 귀중한 지갑 | C12: =RIGHT(INDEX(STUDENT_UNIQUE_ITEM!$A:$A,MATCH(B12,STUDENT_UNIQUE_ITEM!$B:$B,0)),5) -> 13051 | D12: =COUNTIF($C$4:C12,C12) -> 9 | E12: 4 | F12: 1 | G12: 26500 | H12: 1 | I12: 25000 | J12: 1 | K12: 0 | L12: 5 | M12: 1 | N12: 43600 | O12: 1 | P12: 0 | Q12: 0 | R12: 0 | S12: =IFERROR(IF(E12>0,VLOOKUP(E12,UNIQUE_CONDITION_TYPE,2,0),"")&" "&VLOOKUP(F12,UNIQUE_OPTION_TYPE,2,0)&" "&IF(G12=0,"",IF(H12>0,G12/100&"%",G12))&IF(J12>0,IF(I12>0," ["&I12/1000,"")&"초마다 "&J12&"회]",IF(I12=0,"",IF(I12>0," ["&I12/1000,"")&"초 동안]"))&IF(K12>0," (쿨타임 "&K12/1000&"초)",""),"-") -> 적 1인 공격 시 공격력 265% [25초마다 1회] | T12: =IFERROR(IF(L12>0,VLOOKUP(L12,UNIQUE_CONDITION_TYPE,2,0),"")&" "&VLOOKUP(M12,UNIQUE_OPTION_TYPE,2,0)&" "&IF(N12=0,"",IF(O12>0,N12/100&"%",N12))&IF(Q12>0,IF(P12>0," ["&P12/1000,"")&"초마다 "&Q12&"회]",IF(P12=0,"",IF(P12>0," ["&P12/1000,"")&"초 동안]"))&IF(R12>0," (쿨타임 "&R12/1000&"초)",""),"-") -> 원형 범위 내 적 공격 시 공격력 436%
A13: =C13*ID규칙_애용품_강화_스킬_그룹_단위+D13 -> 1305110 | B13: 아루의 엄청 귀중한 지갑 | C13: =RIGHT(INDEX(STUDENT_UNIQUE_ITEM!$A:$A,MATCH(B13,STUDENT_UNIQUE_ITEM!$B:$B,0)),5) -> 13051 | D13: =COUNTIF($C$4:C13,C13) -> 10 | E13: 4 | F13: 1 | G13: 29600 | H13: 1 | I13: 25000 | J13: 1 | K13: 0 | L13: 5 | M13: 1 | N13: 48700 | O13: 1 | P13: 0 | Q13: 0 | R13: 0 | S13: =IFERROR(IF(E13>0,VLOOKUP(E13,UNIQUE_CONDITION_TYPE,2,0),"")&" "&VLOOKUP(F13,UNIQUE_OPTION_TYPE,2,0)&" "&IF(G13=0,"",IF(H13>0,G13/100&"%",G13))&IF(J13>0,IF(I13>0," ["&I13/1000,"")&"초마다 "&J13&"회]",IF(I13=0,"",IF(I13>0," ["&I13/1000,"")&"초 동안]"))&IF(K13>0," (쿨타임 "&K13/1000&"초)",""),"-") -> 적 1인 공격 시 공격력 296% [25초마다 1회] | T13: =IFERROR(IF(L13>0,VLOOKUP(L13,UNIQUE_CONDITION_TYPE,2,0),"")&" "&VLOOKUP(M13,UNIQUE_OPTION_TYPE,2,0)&" "&IF(N13=0,"",IF(O13>0,N13/100&"%",N13))&IF(Q13>0,IF(P13>0," ["&P13/1000,"")&"초마다 "&Q13&"회]",IF(P13=0,"",IF(P13>0," ["&P13/1000,"")&"초 동안]"))&IF(R13>0," (쿨타임 "&R13/1000&"초)",""),"-") -> 원형 범위 내 적 공격 시 공격력 487%
A14: =C14*ID규칙_애용품_강화_스킬_그룹_단위+D14 -> 1342101 | B14: 츠루기의 특별한 상자 | C14: =RIGHT(INDEX(STUDENT_UNIQUE_ITEM!$A:$A,MATCH(B14,STUDENT_UNIQUE_ITEM!$B:$B,0)),5) -> 13421 | D14: =COUNTIF($C$4:C14,C14) -> 1 | E14: 1 | F14: 3 | G14: 12600 | H14: 1 | I14: 0 | J14: 0 | K14: 0 | L14: 0 | M14: 17 | N14: 2550 | O14: 1 | P14: 20000 | Q14: 0 | R14: 10000 | S14: =IFERROR(IF(E14>0,VLOOKUP(E14,UNIQUE_CONDITION_TYPE,2,0),"")&" "&VLOOKUP(F14,UNIQUE_OPTION_TYPE,2,0)&" "&IF(G14=0,"",IF(H14>0,G14/100&"%",G14))&IF(J14>0,IF(I14>0," ["&I14/1000,"")&"초마다 "&J14&"회]",IF(I14=0,"",IF(I14>0," ["&I14/1000,"")&"초 동안]"))&IF(K14>0," (쿨타임 "&K14/1000&"초)",""),"-") -> 적 처치 시 치유력 126% | T14: =IFERROR(IF(L14>0,VLOOKUP(L14,UNIQUE_CONDITION_TYPE,2,0),"")&" "&VLOOKUP(M14,UNIQUE_OPTION_TYPE,2,0)&" "&IF(N14=0,"",IF(O14>0,N14/100&"%",N14))&IF(Q14>0,IF(P14>0," ["&P14/1000,"")&"초마다 "&Q14&"회]",IF(P14=0,"",IF(P14>0," ["&P14/1000,"")&"초 동안]"))&IF(R14>0," (쿨타임 "&R14/1000&"초)",""),"-") -> 공격 속도 25.5% [20초 동안] (쿨타임 10초)
A15: =C15*ID규칙_애용품_강화_스킬_그룹_단위+D15 -> 1342102 | B15: 츠루기의 특별한 상자 | C15: =RIGHT(INDEX(STUDENT_UNIQUE_ITEM!$A:$A,MATCH(B15,STUDENT_UNIQUE_ITEM!$B:$B,0)),5) -> 13421 | D15: =COUNTIF($C$4:C15,C15) -> 2 | E15: 1 | F15: 3 | G15: 13300 | H15: 1 | I15: 0 | J15: 0 | K15: 0 | L15: 0 | M15: 17 | N15: 2550 | O15: 1 | P15: 20000 | Q15: 0 | R15: 10000 | S15: =IFERROR(IF(E15>0,VLOOKUP(E15,UNIQUE_CONDITION_TYPE,2,0),"")&" "&VLOOKUP(F15,UNIQUE_OPTION_TYPE,2,0)&" "&IF(G15=0,"",IF(H15>0,G15/100&"%",G15))&IF(J15>0,IF(I15>0," ["&I15/1000,"")&"초마다 "&J15&"회]",IF(I15=0,"",IF(I15>0," ["&I15/1000,"")&"초 동안]"))&IF(K15>0," (쿨타임 "&K15/1000&"초)",""),"-") -> 적 처치 시 치유력 133% | T15: =IFERROR(IF(L15>0,VLOOKUP(L15,UNIQUE_CONDITION_TYPE,2,0),"")&" "&VLOOKUP(M15,UNIQUE_OPTION_TYPE,2,0)&" "&IF(N15=0,"",IF(O15>0,N15/100&"%",N15))&IF(Q15>0,IF(P15>0," ["&P15/1000,"")&"초마다 "&Q15&"회]",IF(P15=0,"",IF(P15>0," ["&P15/1000,"")&"초 동안]"))&IF(R15>0," (쿨타임 "&R15/1000&"초)",""),"-") -> 공격 속도 25.5% [20초 동안] (쿨타임 10초)
A16: =C16*ID규칙_애용품_강화_스킬_그룹_단위+D16 -> 1342103 | B16: 츠루기의 특별한 상자 | C16: =RIGHT(INDEX(STUDENT_UNIQUE_ITEM!$A:$A,MATCH(B16,STUDENT_UNIQUE_ITEM!$B:$B,0)),5) -> 13421 | D16: =COUNTIF($C$4:C16,C16) -> 3 | E16: 1 | F16: 3 | G16: 13900 | H16: 1 | I16: 0 | J16: 0 | K16: 0 | L16: 0 | M16: 17 | N16: 2550 | O16: 1 | P16: 20000 | Q16: 0 | R16: 10000 | S16: =IFERROR(IF(E16>0,VLOOKUP(E16,UNIQUE_CONDITION_TYPE,2,0),"")&" "&VLOOKUP(F16,UNIQUE_OPTION_TYPE,2,0)&" "&IF(G16=0,"",IF(H16>0,G16/100&"%",G16))&IF(J16>0,IF(I16>0," ["&I16/1000,"")&"초마다 "&J16&"회]",IF(I16=0,"",IF(I16>0," ["&I16/1000,"")&"초 동안]"))&IF(K16>0," (쿨타임 "&K16/1000&"초)",""),"-") -> 적 처치 시 치유력 139% | T16: =IFERROR(IF(L16>0,VLOOKUP(L16,UNIQUE_CONDITION_TYPE,2,0),"")&" "&VLOOKUP(M16,UNIQUE_OPTION_TYPE,2,0)&" "&IF(N16=0,"",IF(O16>0,N16/100&"%",N16))&IF(Q16>0,IF(P16>0," ["&P16/1000,"")&"초마다 "&Q16&"회]",IF(P16=0,"",IF(P16>0," ["&P16/1000,"")&"초 동안]"))&IF(R16>0," (쿨타임 "&R16/1000&"초)",""),"-") -> 공격 속도 25.5% [20초 동안] (쿨타임 10초)
A17: =C17*ID규칙_애용품_강화_스킬_그룹_단위+D17 -> 1342104 | B17: 츠루기의 특별한 상자 | C17: =RIGHT(INDEX(STUDENT_UNIQUE_ITEM!$A:$A,MATCH(B17,STUDENT_UNIQUE_ITEM!$B:$B,0)),5) -> 13421 | D17: =COUNTIF($C$4:C17,C17) -> 4 | E17: 1 | F17: 3 | G17: 16400 | H17: 1 | I17: 0 | J17: 0 | K17: 0 | L17: 0 | M17: 17 | N17: 2810 | O17: 1 | P17: 20000 | Q17: 0 | R17: 10000 | S17: =IFERROR(IF(E17>0,VLOOKUP(E17,UNIQUE_CONDITION_TYPE,2,0),"")&" "&VLOOKUP(F17,UNIQUE_OPTION_TYPE,2,0)&" "&IF(G17=0,"",IF(H17>0,G17/100&"%",G17))&IF(J17>0,IF(I17>0," ["&I17/1000,"")&"초마다 "&J17&"회]",IF(I17=0,"",IF(I17>0," ["&I17/1000,"")&"초 동안]"))&IF(K17>0," (쿨타임 "&K17/1000&"초)",""),"-") -> 적 처치 시 치유력 164% | T17: =IFERROR(IF(L17>0,VLOOKUP(L17,UNIQUE_CONDITION_TYPE,2,0),"")&" "&VLOOKUP(M17,UNIQUE_OPTION_TYPE,2,0)&" "&IF(N17=0,"",IF(O17>0,N17/100&"%",N17))&IF(Q17>0,IF(P17>0," ["&P17/1000,"")&"초마다 "&Q17&"회]",IF(P17=0,"",IF(P17>0," ["&P17/1000,"")&"초 동안]"))&IF(R17>0," (쿨타임 "&R17/1000&"초)",""),"-") -> 공격 속도 28.1% [20초 동안] (쿨타임 10초)
... A163: =C163*ID규칙_애용품_강화_스킬_그룹_단위+D163 -> 4333110 | B163: 모모프렌즈 스페셜 티포트 | C163: =RIGHT(INDEX(STUDENT_UNIQUE_ITEM!$A:$A,MATCH(B163,STUDENT_UNIQUE_ITEM!$B:$B,0)),5) -> 43331 | D163: =COUNTIF($C$4:C163,C163) -> 10 | E163: 5 | F163: 1 | G163: 41200 | H163: 1 | I163: 25000 | J163: 1 | K163: 0 | L163: 8 | M163: 1 | N163: 10300 | O163: 1 | P163: 25000 | Q163: 1 | R163: 0 | S163: =IFERROR(IF(E163>0,VLOOKUP(E163,UNIQUE_CONDITION_TYPE,2,0),"")&" "&VLOOKUP(F163,UNIQUE_OPTION_TYPE,2,0)&" "&IF(G163=0,"",IF(H163>0,G163/100&"%",G163))&IF(J163>0,IF(I163>0," ["&I163/1000,"")&"초마다 "&J163&"회]",IF(I163=0,"",IF(I163>0," ["&I163/1000,"")&"초 동안]"))&IF(K163>0," (쿨타임 "&K163/1000&"초)",""),"-") -> 원형 범위 내 적 공격 시 공격력 412% [25초마다 1회] | T163: =IFERROR(IF(L163>0,VLOOKUP(L163,UNIQUE_CONDITION_TYPE,2,0),"")&" "&VLOOKUP(M163,UNIQUE_OPTION_TYPE,2,0)&" "&IF(N163=0,"",IF(O163>0,N163/100&"%",N163))&IF(Q163>0,IF(P163>0," ["&P163/1000,"")&"초마다 "&Q163&"회]",IF(P163=0,"",IF(P163>0," ["&P163/1000,"")&"초 동안]"))&IF(R163>0," (쿨타임 "&R163/1000&"초)",""),"-") -> 중첩 시 공격력 103% [25초마다 1회]

Sheet ITEM
A1: 아이디 | B1: #아이템 이름 | C1: 아이템 구분 | D1: 아이템 타입 | E1: 획득처 그룹 | F1: 누적 수량 | G1: 아이템 이름 | H1: 아이템 아이콘 | I1: 아이템 설명
A2: ID | B2: ITEM_NAME | C2: ITEM_FILTER | D2: ITEM_TYPE | E2: GAIN_GROUP | F2: STACK | G2: ITEM_NAME | H2: ITEM_ICON | I2: ITEM_DESC
A3: int | B3: 참조 | C3: int | D3: int | E3: int | F3: int | G3: string | H3: string | I3: string
A4: =C4*ID규칙_아이템_구분_단위+D4*ID규칙_아이템_타입_단위+COUNTIFS($C$4:C4,C4,$D$4:D4,D4) -> 101001 | B4: 시로코의 엘레프 | C4: 1 | D4: 1 | E4: =A4+2 -> 101003 | F4: 9999 | G4: ="ITEM_NAME_"&A4 -> ITEM_NAME_101001 | H4: ="ITEM_ICON_"&A4 -> ITEM_ICON_101001 | I4: ="ITEM_DESC_"&A4 -> ITEM_DESC_101001
A5: =C5*ID규칙_아이템_구분_단위+D5*ID규칙_아이템_타입_단위+COUNTIFS($C$4:C5,C5,$D$4:D5,D5) -> 101002 | B5: 호시노의 엘레프 | C5: 1 | D5: 1 | E5: =A5+2 -> 101004 | F5: 9999 | G5: ="ITEM_NAME_"&A5 -> ITEM_NAME_101002 | H5: ="ITEM_ICON_"&A5 -> ITEM_ICON_101002 | I5: ="ITEM_DESC_"&A5 -> ITEM_DESC_101002
A6: =C6*ID규칙_아이템_구분_단위+D6*ID규칙_아이템_타입_단위+COUNTIFS($C$4:C6,C6,$D$4:D6,D6) -> 101003 | B6: 세리카의 엘레프 | C6: 1 | D6: 1 | E6: =A6+2 -> 101005 | F6: 9999 | G6: ="ITEM_NAME_"&A6 -> ITEM_NAME_101003 | H6: ="ITEM_ICON_"&A6 -> ITEM_ICON_101003 | I6: ="ITEM_DESC_"&A6 -> ITEM_DESC_101003
A7: =C7*ID규칙_아이템_구분_단위+D7*ID규칙_아이템_타입_단위+COUNTIFS($C$4:C7,C7,$D$4:D7,D7) -> 101004 | B7: 노노미의 엘레프 | C7: 1 | D7: 1 | E7: =A7+2 -> 101006 | F7: 9999 | G7: ="ITEM_NAME_"&A7 -> ITEM_NAME_101004 | H7: ="ITEM_ICON_"&A7 -> ITEM_ICON_101004 | I7: ="ITEM_DESC_"&A7 -> ITEM_DESC_101004
A8: =C8*ID규칙_아이템_구분_단위+D8*ID규칙_아이템_타입_단위+COUNTIFS($C$4:C8,C8,$D$4:D8,D8) -> 101005 | B8: 아야네의 엘레프 | C8: 1 | D8: 1 | E8: =A8+2 -> 101007 | F8: 9999 | G8: ="ITEM_NAME_"&A8 -> ITEM_NAME_101005 | H8: ="ITEM_ICON_"&A8 -> ITEM_ICON_101005 | I8: ="ITEM_DESC_"&A8 -> ITEM_DESC_101005
A9: =C9*ID규칙_아이템_구분_단위+D9*ID규칙_아이템_타입_단위+COUNTIFS($C$4:C9,C9,$D$4:D9,D9) -> 101006 | B9: 아루의 엘레프 | C9: 1 | D9: 1 | E9: =A9+2 -> 101008 | F9: 9999 | G9: ="ITEM_NAME_"&A9 -> ITEM_NAME_101006 | H9: ="ITEM_ICON_"&A9 -> ITEM_ICON_101006 | I9: ="ITEM_DESC_"&A9 -> ITEM_DESC_101006
A10: =C10*ID규칙_아이템_구분_단위+D10*ID규칙_아이템_타입_단위+COUNTIFS($C$4:C10,C10,$D$4:D10,D10) -> 101007 | B10: 무츠키의 엘레프 | C10: 1 | D10: 1 | E10: =A10+2 -> 101009 | F10: 9999 | G10: ="ITEM_NAME_"&A10 -> ITEM_NAME_101007 | H10: ="ITEM_ICON_"&A10 -> ITEM_ICON_101007 | I10: ="ITEM_DESC_"&A10 -> ITEM_DESC_101007
A11: =C11*ID규칙_아이템_구분_단위+D11*ID규칙_아이템_타입_단위+COUNTIFS($C$4:C11,C11,$D$4:D11,D11) -> 101008 | B11: 카요코의 엘레프 | C11: 1 | D11: 1 | E11: =A11+2 -> 101010 | F11: 9999 | G11: ="ITEM_NAME_"&A11 -> ITEM_NAME_101008 | H11: ="ITEM_ICON_"&A11 -> ITEM_ICON_101008 | I11: ="ITEM_DESC_"&A11 -> ITEM_DESC_101008
A12: =C12*ID규칙_아이템_구분_단위+D12*ID규칙_아이템_타입_단위+COUNTIFS($C$4:C12,C12,$D$4:D12,D12) -> 101009 | B12: 하루카의 엘레프 | C12: 1 | D12: 1 | E12: =A12+2 -> 101011 | F12: 9999 | G12: ="ITEM_NAME_"&A12 -> ITEM_NAME_101009 | H12: ="ITEM_ICON_"&A12 -> ITEM_ICON_101009 | I12: ="ITEM_DESC_"&A12 -> ITEM_DESC_101009
A13: =C13*ID규칙_아이템_구분_단위+D13*ID규칙_아이템_타입_단위+COUNTIFS($C$4:C13,C13,$D$4:D13,D13) -> 101010 | B13: 히나의 엘레프 | C13: 1 | D13: 1 | E13: =A13+2 -> 101012 | F13: 9999 | G13: ="ITEM_NAME_"&A13 -> ITEM_NAME_101010 | H13: ="ITEM_ICON_"&A13 -> ITEM_ICON_101010 | I13: ="ITEM_DESC_"&A13 -> ITEM_DESC_101010
A14: =C14*ID규칙_아이템_구분_단위+D14*ID규칙_아이템_타입_단위+COUNTIFS($C$4:C14,C14,$D$4:D14,D14) -> 101011 | B14: 아코의 엘레프 | C14: 1 | D14: 1 | E14: =A14+2 -> 101013 | F14: 9999 | G14: ="ITEM_NAME_"&A14 -> ITEM_NAME_101011 | H14: ="ITEM_ICON_"&A14 -> ITEM_ICON_101011 | I14: ="ITEM_DESC_"&A14 -> ITEM_DESC_101011
A15: =C15*ID규칙_아이템_구분_단위+D15*ID규칙_아이템_타입_단위+COUNTIFS($C$4:C15,C15,$D$4:D15,D15) -> 101012 | B15: 이오리의 엘레프 | C15: 1 | D15: 1 | E15: =A15+2 -> 101014 | F15: 9999 | G15: ="ITEM_NAME_"&A15 -> ITEM_NAME_101012 | H15: ="ITEM_ICON_"&A15 -> ITEM_ICON_101012 | I15: ="ITEM_DESC_"&A15 -> ITEM_DESC_101012
... A343: =C343*ID규칙_아이템_구분_단위+D343*ID규칙_아이템_타입_단위+COUNTIFS($C$4:C343,C343,$D$4:D343,D343) -> 616052 | B343: 보드게임 「더 인생」 | C343: 6 | D343: 16 | E343: =A343+2 -> 616054 | F343: 9999 | G343: ="ITEM_NAME_"&A343 -> ITEM_NAME_616052 | H343: ="ITEM_ICON_"&A343 -> ITEM_ICON_616052 | I343: ="ITEM_DESC_"&A343 -> ITEM_DESC_616052

Sheet GAIN_INFO
A1: 아이디 | B1: #아이템 이름 | C1: 획득처 그룹 | D1: 획득처 타입 | E1: 획득처 값 | F1: 획득처 이름 | G1: #획득처 이름 | H1: #아이템 종류
A2: ID | B2: ITEM_NAME | C2: GAIN_GROUP | D2: GAIN_TYPE | E2: VALUE | F2: GAIN_NAME | G2: GAIN_NAME | H2: ITEM_KIND
A3: int | B3: 참조 | C3: int | D3: int | E3: int | F3: string | G3: 참조 | H3: 참조
A4: =C4*ID규칙_획득처_그룹_단위+COUNTIF($C$4:C4,C4) -> 10001101 | B4: 하급 강화석 | C4: =IF(H4="EQUIPMENT",INDEX(EQUIPMENT!A:A,MATCH(B4,EQUIPMENT!B:B,0))*10+1,INDEX(ITEM!A:A,MATCH(B4,ITEM!B:B,0))+2) -> 100011 | D4: 1 | E4: 0 | F4: ="GAIN_NAME_"&D4 -> GAIN_NAME_1 | G4: 일반 상점 | H4: EQUIPMENT
A5: =C5*ID규칙_획득처_그룹_단위+COUNTIF($C$4:C5,C5) -> 10002101 | B5: 일반 강화석 | C5: =IF(H5="EQUIPMENT",INDEX(EQUIPMENT!A:A,MATCH(B5,EQUIPMENT!B:B,0))*10+1,INDEX(ITEM!A:A,MATCH(B5,ITEM!B:B,0))+2) -> 100021 | D5: 1 | E5: 0 | F5: ="GAIN_NAME_"&D5 -> GAIN_NAME_1 | G5: 일반 상점 | H5: EQUIPMENT
A6: =C6*ID규칙_획득처_그룹_단위+COUNTIF($C$4:C6,C6) -> 10003101 | B6: 상급 강화석 | C6: =IF(H6="EQUIPMENT",INDEX(EQUIPMENT!A:A,MATCH(B6,EQUIPMENT!B:B,0))*10+1,INDEX(ITEM!A:A,MATCH(B6,ITEM!B:B,0))+2) -> 100031 | D6: 1 | E6: 0 | F6: ="GAIN_NAME_"&D6 -> GAIN_NAME_1 | G6: 일반 상점 | H6: EQUIPMENT
A7: =C7*ID규칙_획득처_그룹_단위+COUNTIF($C$4:C7,C7) -> 10004101 | B7: 최상급 강화석 | C7: =IF(H7="EQUIPMENT",INDEX(EQUIPMENT!A:A,MATCH(B7,EQUIPMENT!B:B,0))*10+1,INDEX(ITEM!A:A,MATCH(B7,ITEM!B:B,0))+2) -> 100041 | D7: 1 | E7: 0 | F7: ="GAIN_NAME_"&D7 -> GAIN_NAME_1 | G7: 일반 상점 | H7: EQUIPMENT
A8: =C8*ID규칙_획득처_그룹_단위+COUNTIF($C$4:C8,C8) -> 10008101 | B8: 녹슨 스프링 | C8: =IF(H8="EQUIPMENT",INDEX(EQUIPMENT!A:A,MATCH(B8,EQUIPMENT!B:B,0))*10+1,INDEX(ITEM!A:A,MATCH(B8,ITEM!B:B,0))+2) -> 100081 | D8: 5 | E8: 0 | F8: ="GAIN_NAME_"&D8 -> GAIN_NAME_5 | G8: 학원 교류회 | H8: EQUIPMENT
A9: =C9*ID규칙_획득처_그룹_단위+COUNTIF($C$4:C9,C9) -> 10007101 | B9: 온전한 스프링 | C9: =IF(H9="EQUIPMENT",INDEX(EQUIPMENT!A:A,MATCH(B9,EQUIPMENT!B:B,0))*10+1,INDEX(ITEM!A:A,MATCH(B9,ITEM!B:B,0))+2) -> 100071 | D9: 5 | E9: 0 | F9: ="GAIN_NAME_"&D9 -> GAIN_NAME_5 | G9: 학원 교류회 | H9: EQUIPMENT
A10: =C10*ID규칙_획득처_그룹_단위+COUNTIF($C$4:C10,C10) -> 10006101 | B10: 크로뮴 스프링 | C10: =IF(H10="EQUIPMENT",INDEX(EQUIPMENT!A:A,MATCH(B10,EQUIPMENT!B:B,0))*10+1,INDEX(ITEM!A:A,MATCH(B10,ITEM!B:B,0))+2) -> 100061 | D10: 5 | E10: 0 | F10: ="GAIN_NAME_"&D10 -> GAIN_NAME_5 | G10: 학원 교류회 | H10: EQUIPMENT
A11: =C11*ID규칙_획득처_그룹_단위+COUNTIF($C$4:C11,C11) -> 10005101 | B11: 티타늄 스프링 | C11: =IF(H11="EQUIPMENT",INDEX(EQUIPMENT!A:A,MATCH(B11,EQUIPMENT!B:B,0))*10+1,INDEX(ITEM!A:A,MATCH(B11,ITEM!B:B,0))+2) -> 100051 | D11: 5 | E11: 0 | F11: ="GAIN_NAME_"&D11 -> GAIN_NAME_5 | G11: 학원 교류회 | H11: EQUIPMENT
A12: =C12*ID규칙_획득처_그룹_단위+COUNTIF($C$4:C12,C12) -> 10012101 | B12: 녹슨 해머 | C12: =IF(H12="EQUIPMENT",INDEX(EQUIPMENT!A:A,MATCH(B12,EQUIPMENT!B:B,0))*10+1,INDEX(ITEM!A:A,MATCH(B12,ITEM!B:B,0))+2) -> 100121 | D12: 5 | E12: 0 | F12: ="GAIN_NAME_"&D12 -> GAIN_NAME_5 | G12: 학원 교류회 | H12: EQUIPMENT
A13: =C13*ID규칙_획득처_그룹_단위+COUNTIF($C$4:C13,C13) -> 10011101 | B13: 온전한 해머 | C13: =IF(H13="EQUIPMENT",INDEX(EQUIPMENT!A:A,MATCH(B13,EQUIPMENT!B:B,0))*10+1,INDEX(ITEM!A:A,MATCH(B13,ITEM!B:B,0))+2) -> 100111 | D13: 5 | E13: 0 | F13: ="GAIN_NAME_"&D13 -> GAIN_NAME_5 | G13: 학원 교류회 | H13: EQUIPMENT
A14: =C14*ID규칙_획득처_그룹_단위+COUNTIF($C$4:C14,C14) -> 10010101 | B14: 크로뮴 해머 | C14: =IF(H14="EQUIPMENT",INDEX(EQUIPMENT!A:A,MATCH(B14,EQUIPMENT!B:B,0))*10+1,INDEX(ITEM!A:A,MATCH(B14,ITEM!B:B,0))+2) -> 100101 | D14: 5 | E14: 0 | F14: ="GAIN_NAME_"&D14 -> GAIN_NAME_5 | G14: 학원 교류회 | H14: EQUIPMENT
A15: =C15*ID규칙_획득처_그룹_단위+COUNTIF($C$4:C15,C15) -> 10009101 | B15: 티타늄 해머 | C15: =IF(H15="EQUIPMENT",INDEX(EQUIPMENT!A:A,MATCH(B15,EQUIPMENT!B:B,0))*10+1,INDEX(ITEM!A:A,MATCH(B15,ITEM!B:B,0))+2) -> 100091 | D15: 5 | E15: 0 | F15: ="GAIN_NAME_"&D15 -> GAIN_NAME_5 | G15: 학원 교류회 | H15: EQUIPMENT
... A1402: =C1402*ID규칙_획득처_그룹_단위+COUNTIF($C$4:C1402,C1402) -> 61605401 | B1402: 보드게임 「더 인생」 | C1402: =IF(H1402="EQUIPMENT",INDEX(EQUIPMENT!A:A,MATCH(B1402,EQUIPMENT!B:B,0))*10+1,INDEX(ITEM!A:A,MATCH(B1402,ITEM!B:B,0))+2) -> 616054 | D1402: 23 | E1402: 0 | F1402: ="GAIN_NAME_"&D1402 -> GAIN_NAME_23 | G1402: 크래프트 챔버 | H1402: ITEM

Sheet EQUIPMENT
A1: 아이디 | B1: #장비 이름 | C1: 슬롯 | D1: 티어 | E1: 슬롯 개방 레벨 | F1: 획득처 그룹 | G1: 장비 성장 그룹 | H1: 장비 해방 조건 ID | I1: 누적 수량 | J1: 장비 이름 | K1: 장비 아이콘 | L1: 장비 설명
A2: ID | B2: EQUIPMENT_NAME | C2: SLOT | D2: TIER | E2: SLOT_OPEN_LEVEL | F2: GAIN_GROUP | G2: EQUIPMENT_REINFORCE_GROUP | H2: EQUIPMENT_LIMIT_BREAK_ID | I2: STACK | J2: EQUIPMENT_NAME | K2: EQUIPMENT_ICON | L2: EQUIPMENT_DESC
A3: int | B3: 참조 | C3: int | D3: int | E3: int | F3: int | G3: int | H3: int | I3: int | J3: string | K3: string | L3: string
A4: =ID규칙_장비_아이디_단위+C4*ID규칙_슬롯_단위+D4*ID규칙_티어_단위+COUNTIFS($C$4:C4,C4,$D$4:D4,D4) -> 10001 | B4: 하급 강화석 | C4: 0 | D4: 0 | E4: 0 | F4: =IFERROR(INDEX(GAIN_INFO!$C:$C,MATCH(EQUIPMENT!B4,GAIN_INFO!$B:$B,0)),0) -> 100011 | G4: =IFERROR(INDEX(EQUIPMENT_REINFORCE!$C:$C,MATCH(EQUIPMENT!B4,EQUIPMENT_REINFORCE!$B:$B,0)),0) -> 100 | H4: =IFERROR(INDEX(EQUIPMENT_LIMIT_BREAK!A:A,MATCH(B4,EQUIPMENT_LIMIT_BREAK!B:B,0)),0) -> 0 | I4: 9999 | J4: ="EQUIPMENT_NAME_"&A4 -> EQUIPMENT_NAME_10001 | K4: ="EQUIPMENT_ICON_"&A4 -> EQUIPMENT_ICON_10001 | L4: ="EQUIPMENT_DESC_"&A4 -> EQUIPMENT_DESC_10001
A5: =ID규칙_장비_아이디_단위+C5*ID규칙_슬롯_단위+D5*ID규칙_티어_단위+COUNTIFS($C$4:C5,C5,$D$4:D5,D5) -> 10002 | B5: 일반 강화석 | C5: 0 | D5: 0 | E5: 0 | F5: =IFERROR(INDEX(GAIN_INFO!$C:$C,MATCH(EQUIPMENT!B5,GAIN_INFO!$B:$B,0)),0) -> 100021 | G5: =IFERROR(INDEX(EQUIPMENT_REINFORCE!$C:$C,MATCH(EQUIPMENT!B5,EQUIPMENT_REINFORCE!$B:$B,0)),0) -> 100 | H5: =IFERROR(INDEX(EQUIPMENT_LIMIT_BREAK!A:A,MATCH(B5,EQUIPMENT_LIMIT_BREAK!B:B,0)),0) -> 0 | I5: 9999 | J5: ="EQUIPMENT_NAME_"&A5 -> EQUIPMENT_NAME_10002 | K5: ="EQUIPMENT_ICON_"&A5 -> EQUIPMENT_ICON_10002 | L5: ="EQUIPMENT_DESC_"&A5 -> EQUIPMENT_DESC_10002
A6: =ID규칙_장비_아이디_단위+C6*ID규칙_슬롯_단위+D6*ID규칙_티어_단위+COUNTIFS($C$4:C6,C6,$D$4:D6,D6) -> 10003 | B6: 상급 강화석 | C6: 0 | D6: 0 | E6: 0 | F6: =IFERROR(INDEX(GAIN_INFO!$C:$C,MATCH(EQUIPMENT!B6,GAIN_INFO!$B:$B,0)),0) -> 100031 | G6: =IFERROR(INDEX(EQUIPMENT_REINFORCE!$C:$C,MATCH(EQUIPMENT!B6,EQUIPMENT_REINFORCE!$B:$B,0)),0) -> 100 | H6: =IFERROR(INDEX(EQUIPMENT_LIMIT_BREAK!A:A,MATCH(B6,EQUIPMENT_LIMIT_BREAK!B:B,0)),0) -> 0 | I6: 9999 | J6: ="EQUIPMENT_NAME_"&A6 -> EQUIPMENT_NAME_10003 | K6: ="EQUIPMENT_ICON_"&A6 -> EQUIPMENT_ICON_10003 | L6: ="EQUIPMENT_DESC_"&A6 -> EQUIPMENT_DESC_10003
A7: =ID규칙_장비_아이디_단위+C7*ID규칙_슬롯_단위+D7*ID규칙_티어_단위+COUNTIFS($C$4:C7,C7,$D$4:D7,D7) -> 10004 | B7: 최상급 강화석 | C7: 0 | D7: 0 | E7: 0 | F7: =IFERROR(INDEX(GAIN_INFO!$C:$C,MATCH(EQUIPMENT!B7,GAIN_INFO!$B:$B,0)),0) -> 100041 | G7: =IFERROR(INDEX(EQUIPMENT_REINFORCE!$C:$C,MATCH(EQUIPMENT!B7,EQUIPMENT_REINFORCE!$B:$B,0)),0) -> 100 | H7: =IFERROR(INDEX(EQUIPMENT_LIMIT_BREAK!A:A,MATCH(B7,EQUIPMENT_LIMIT_BREAK!B:B,0)),0) -> 0 | I7: 9999 | J7: ="EQUIPMENT_NAME_"&A7 -> EQUIPMENT_NAME_10004 | K7: ="EQUIPMENT_ICON_"&A7 -> EQUIPMENT_ICON_10004 | L7: ="EQUIPMENT_DESC_"&A7 -> EQUIPMENT_DESC_10004
A8: =ID규칙_장비_아이디_단위+C8*ID규칙_슬롯_단위+D8*ID규칙_티어_단위+COUNTIFS($C$4:C8,C8,$D$4:D8,D8) -> 10005 | B8: 티타늄 스프링 | C8: 0 | D8: 0 | E8: 0 | F8: =IFERROR(INDEX(GAIN_INFO!$C:$C,MATCH(EQUIPMENT!B8,GAIN_INFO!$B:$B,0)),0) -> 100051 | G8: =IFERROR(INDEX(EQUIPMENT_REINFORCE!$C:$C,MATCH(EQUIPMENT!B8,EQUIPMENT_REINFORCE!$B:$B,0)),0) -> 100 | H8: =IFERROR(INDEX(EQUIPMENT_LIMIT_BREAK!A:A,MATCH(B8,EQUIPMENT_LIMIT_BREAK!B:B,0)),0) -> 0 | I8: 9999 | J8: ="EQUIPMENT_NAME_"&A8 -> EQUIPMENT_NAME_10005 | K8: ="EQUIPMENT_ICON_"&A8 -> EQUIPMENT_ICON_10005 | L8: ="EQUIPMENT_DESC_"&A8 -> EQUIPMENT_DESC_10005
A9: =ID규칙_장비_아이디_단위+C9*ID규칙_슬롯_단위+D9*ID규칙_티어_단위+COUNTIFS($C$4:C9,C9,$D$4:D9,D9) -> 10006 | B9: 크로뮴 스프링 | C9: 0 | D9: 0 | E9: 0 | F9: =IFERROR(INDEX(GAIN_INFO!$C:$C,MATCH(EQUIPMENT!B9,GAIN_INFO!$B:$B,0)),0) -> 100061 | G9: =IFERROR(INDEX(EQUIPMENT_REINFORCE!$C:$C,MATCH(EQUIPMENT!B9,EQUIPMENT_REINFORCE!$B:$B,0)),0) -> 100 | H9: =IFERROR(INDEX(EQUIPMENT_LIMIT_BREAK!A:A,MATCH(B9,EQUIPMENT_LIMIT_BREAK!B:B,0)),0) -> 0 | I9: 9999 | J9: ="EQUIPMENT_NAME_"&A9 -> EQUIPMENT_NAME_10006 | K9: ="EQUIPMENT_ICON_"&A9 -> EQUIPMENT_ICON_10006 | L9: ="EQUIPMENT_DESC_"&A9 -> EQUIPMENT_DESC_10006
A10: =ID규칙_장비_아이디_단위+C10*ID규칙_슬롯_단위+D10*ID규칙_티어_단위+COUNTIFS($C$4:C10,C10,$D$4:D10,D10) -> 10007 | B10: 온전한 스프링 | C10: 0 | D10: 0 | E10: 0 | F10: =IFERROR(INDEX(GAIN_INFO!$C:$C,MATCH(EQUIPMENT!B10,GAIN_INFO!$B:$B,0)),0) -> 100071 | G10: =IFERROR(INDEX(EQUIPMENT_REINFORCE!$C:$C,MATCH(EQUIPMENT!B10,EQUIPMENT_REINFORCE!$B:$B,0)),0) -> 100 | H10: =IFERROR(INDEX(EQUIPMENT_LIMIT_BREAK!A:A,MATCH(B10,EQUIPMENT_LIMIT_BREAK!B:B,0)),0) -> 0 | I10: 9999 | J10: ="EQUIPMENT_NAME_"&A10 -> EQUIPMENT_NAME_10007 | K10: ="EQUIPMENT_ICON_"&A10 -> EQUIPMENT_ICON_10007 | L10: ="EQUIPMENT_DESC_"&A10 -> EQUIPMENT_DESC_10007
A11: =ID규칙_장비_아이디_단위+C11*ID규칙_슬롯_단위+D11*ID규칙_티어_단위+COUNTIFS($C$4:C11,C11,$D$4:D11,D11) -> 10008 | B11: 녹슨 스프링 | C11: 0 | D11: 0 | E11: 0 | F11: =IFERROR(INDEX(GAIN_INFO!$C:$C,MATCH(EQUIPMENT!B11,GAIN_INFO!$B:$B,0)),0) -> 100081 | G11: =IFERROR(INDEX(EQUIPMENT_REINFORCE!$C:$C,MATCH(EQUIPMENT!B11,EQUIPMENT_REINFORCE!$B:$B,0)),0) -> 100 | H11: =IFERROR(INDEX(EQUIPMENT_LIMIT_BREAK!A:A,MATCH(B11,EQUIPMENT_LIMIT_BREAK!B:B,0)),0) -> 0 | I11: 9999 | J11: ="EQUIPMENT_NAME_"&A11 -> EQUIPMENT_NAME_10008 | K11: ="EQUIPMENT_ICON_"&A11 -> EQUIPMENT_ICON_10008 | L11: ="EQUIPMENT_DESC_"&A11 -> EQUIPMENT_DESC_10008
A12: =ID규칙_장비_아이디_단위+C12*ID규칙_슬롯_단위+D12*ID규칙_티어_단위+COUNTIFS($C$4:C12,C12,$D$4:D12,D12) -> 10009 | B12: 티타늄 해머 | C12: 0 | D12: 0 | E12: 0 | F12: =IFERROR(INDEX(GAIN_INFO!$C:$C,MATCH(EQUIPMENT!B12,GAIN_INFO!$B:$B,0)),0) -> 100091 | G12: =IFERROR(INDEX(EQUIPMENT_REINFORCE!$C:$C,MATCH(EQUIPMENT!B12,EQUIPMENT_REINFORCE!$B:$B,0)),0) -> 100 | H12: =IFERROR(INDEX(EQUIPMENT_LIMIT_BREAK!A:A,MATCH(B12,EQUIPMENT_LIMIT_BREAK!B:B,0)),0) -> 0 | I12: 9999 | J12: ="EQUIPMENT_NAME_"&A12 -> EQUIPMENT_NAME_10009 | K12: ="EQUIPMENT_ICON_"&A12 -> EQUIPMENT_ICON_10009 | L12: ="EQUIPMENT_DESC_"&A12 -> EQUIPMENT_DESC_10009
A13: =ID규칙_장비_아이디_단위+C13*ID규칙_슬롯_단위+D13*ID규칙_티어_단위+COUNTIFS($C$4:C13,C13,$D$4:D13,D13) -> 10010 | B13: 크로뮴 해머 | C13: 0 | D13: 0 | E13: 0 | F13: =IFERROR(INDEX(GAIN_INFO!$C:$C,MATCH(EQUIPMENT!B13,GAIN_INFO!$B:$B,0)),0) -> 100101 | G13: =IFERROR(INDEX(EQUIPMENT_REINFORCE!$C:$C,MATCH(EQUIPMENT!B13,EQUIPMENT_REINFORCE!$B:$B,0)),0) -> 100 | H13: =IFERROR(INDEX(EQUIPMENT_LIMIT_BREAK!A:A,MATCH(B13,EQUIPMENT_LIMIT_BREAK!B:B,0)),0) -> 0 | I13: 9999 | J13: ="EQUIPMENT_NAME_"&A13 -> EQUIPMENT_NAME_10010 | K13: ="EQUIPMENT_ICON_"&A13 -> EQUIPMENT_ICON_10010 | L13: ="EQUIPMENT_DESC_"&A13 -> EQUIPMENT_DESC_10010
A14: =ID규칙_장비_아이디_단위+C14*ID규칙_슬롯_단위+D14*ID규칙_티어_단위+COUNTIFS($C$4:C14,C14,$D$4:D14,D14) -> 10011 | B14: 온전한 해머 | C14: 0 | D14: 0 | E14: 0 | F14: =IFERROR(INDEX(GAIN_INFO!$C:$C,MATCH(EQUIPMENT!B14,GAIN_INFO!$B:$B,0)),0) -> 100111 | G14: =IFERROR(INDEX(EQUIPMENT_REINFORCE!$C:$C,MATCH(EQUIPMENT!B14,EQUIPMENT_REINFORCE!$B:$B,0)),0) -> 100 | H14: =IFERROR(INDEX(EQUIPMENT_LIMIT_BREAK!A:A,MATCH(B14,EQUIPMENT_LIMIT_BREAK!B:B,0)),0) -> 0 | I14: 9999 | J14: ="EQUIPMENT_NAME_"&A14 -> EQUIPMENT_NAME_10011 | K14: ="EQUIPMENT_ICON_"&A14 -> EQUIPMENT_ICON_10011 | L14: ="EQUIPMENT_DESC_"&A14 -> EQUIPMENT_DESC_10011
A15: =ID규칙_장비_아이디_단위+C15*ID규칙_슬롯_단위+D15*ID규칙_티어_단위+COUNTIFS($C$4:C15,C15,$D$4:D15,D15) -> 10012 | B15: 녹슨 해머 | C15: 0 | D15: 0 | E15: 0 | F15: =IFERROR(INDEX(GAIN_INFO!$C:$C,MATCH(EQUIPMENT!B15,GAIN_INFO!$B:$B,0)),0) -> 100121 | G15: =IFERROR(INDEX(EQUIPMENT_REINFORCE!$C:$C,MATCH(EQUIPMENT!B15,EQUIPMENT_REINFORCE!$B:$B,0)),0) -> 100 | H15: =IFERROR(INDEX(EQUIPMENT_LIMIT_BREAK!A:A,MATCH(B15,EQUIPMENT_LIMIT_BREAK!B:B,0)),0) -> 0 | I15: 9999 | J15: ="EQUIPMENT_NAME_"&A15 -> EQUIPMENT_NAME_10012 | K15: ="EQUIPMENT_ICON_"&A15 -> EQUIPMENT_ICON_10012 | L15: ="EQUIPMENT_DESC_"&A15 -> EQUIPMENT_DESC_10012
... A140: =ID규칙_장비_아이디_단위+C140*ID규칙_슬롯_단위+D140*ID규칙_티어_단위+COUNTIFS($C$4:C140,C140,$D$4:D140,D140) -> 10376 | B140: 스트릿 패션 시계 설계도면 | C140: 3 | D140: 7 | E140: 35 | F140: =IFERROR(INDEX(GAIN_INFO!$C:$C,MATCH(EQUIPMENT!B140,GAIN_INFO!$B:$B,0)),0) -> 103761 | G140: =IFERROR(INDEX(EQUIPMENT_REINFORCE!$C:$C,MATCH(EQUIPMENT!B140,EQUIPMENT_REINFORCE!$B:$B,0)),0) -> 0 | H140: =IFERROR(INDEX(EQUIPMENT_LIMIT_BREAK!A:A,MATCH(B140,EQUIPMENT_LIMIT_BREAK!B:B,0)),0) -> 0 | I140: 9999 | J140: ="EQUIPMENT_NAME_"&A140 -> EQUIPMENT_NAME_10376 | K140: ="EQUIPMENT_ICON_"&A140 -> EQUIPMENT_ICON_10376 | L140: ="EQUIPMENT_DESC_"&A140 -> EQUIPMENT_DESC_10376

Sheet EQUIPMENT_REINFORCE
A1: 아이디 | B1: #장비 이름 | C1: 장비 성장 그룹 | D1: 성장 레벨 | E1: 필요 경험치 | F1: 누적 경험치 | G1: 필요 크레딧 | H1: 능력치 타입_1 | I1: 능력치 값_1 | J1: 비율_1 | K1: 능력치 타입_2 | L1: 능력치 값_2 | M1: 비율_2 | N1: 능력치 타입_3 | O1: 능력치 값_3 | P1: 비율_3 | Q1: 능력치 타입_4 | R1: 능력치 값_4 | S1: 비율_4 | T1: #능력치 내용
A2: ID | B2: EQUIPMENT_NAME | C2: EQUIPMENT_REINFORCE_GROUP | D2: LEVEL | E2: NEED_EXP | F2: ACCURE_EXP | G2: NEED_CREDIT | H2: STATUS_TYPE_1 | I2: STATUS_VALUE_1 | J2: ISRATE_1 | K2: STATUS_TYPE_2 | L2: STATUS_VALUE_2 | M2: ISRATE_2 | N2: STATUS_TYPE_3 | O2: STATUS_VALUE_3 | P2: ISRATE_3 | Q2: STATUS_TYPE_4 | R2: STATUS_VALUE_4 | S2: ISRATE_4 | T2: STATUS_DESC
A3: int | B3: 참조 | C3: int | D3: int | E3: int | F3: int | G3: int | H3: int | I3: int | J3: int | K3: int | L3: int | M3: int | N3: int | O3: int | P3: int | Q3: int | R3: int | S3: int | T3: 참조
A4: =C4*100+COUNTIF($C$4:C4,C4) -> 10001 | B4: 하급 강화석 | C4: =100+VLOOKUP(B4,EQUIPMENT!B:C,2,0)*10+VLOOKUP(B4,EQUIPMENT!B:D,3,0) -> 100 | D4: 0 | E4: 0 | F4: 0 | G4: 0 | H4: 1 | I4: 1 | J4: 0 | K4: 0 | L4: 0 | M4: 0 | N4: 0 | O4: 0 | P4: 0 | Q4: 0 | R4: 0 | S4: 0 | T4: =IF(H4=0,"",IF(I4>0,VLOOKUP(H4,MAIN_STATS_TYPE,2,0)&IF(J4=1," +"&I4/100&"%"," +"&I4),VLOOKUP(H4,MAIN_STATS_TYPE,2,0)))&IF(K4=0,""," / "&IF(L4>0,VLOOKUP(K4,MAIN_STATS_TYPE,2,0)&IF(M4=1," +"&L4/100&"%"," +"&L4),VLOOKUP(K4,MAIN_STATS_TYPE,2,0)))&IF(N4=0,""," / "&IF(O4>0,VLOOKUP(N4,MAIN_STATS_TYPE,2,0)&IF(P4=1," +"&O4/100&"%"," +"&O4),VLOOKUP(N4,MAIN_STATS_TYPE,2,0)))&IF(Q4=0,""," / "&IF(R4>0,VLOOKUP(Q4,MAIN_STATS_TYPE,2,0)&IF(S4=1," +"&R4/100&"%"," +"&R4),VLOOKUP(Q4,MAIN_STATS_TYPE,2,0))) -> 공격력 +1
A5: =C5*100+COUNTIF($C$4:C5,C5) -> 10002 | B5: 일반 강화석 | C5: =100+VLOOKUP(B5,EQUIPMENT!B:C,2,0)*10+VLOOKUP(B5,EQUIPMENT!B:D,3,0) -> 100 | D5: 0 | E5: 0 | F5: 0 | G5: 0 | H5: 1 | I5: 1 | J5: 0 | K5: 0 | L5: 0 | M5: 0 | N5: 0 | O5: 0 | P5: 0 | Q5: 0 | R5: 0 | S5: 0 | T5: =IF(H5=0,"",IF(I5>0,VLOOKUP(H5,MAIN_STATS_TYPE,2,0)&IF(J5=1," +"&I5/100&"%"," +"&I5),VLOOKUP(H5,MAIN_STATS_TYPE,2,0)))&IF(K5=0,""," / "&IF(L5>0,VLOOKUP(K5,MAIN_STATS_TYPE,2,0)&IF(M5=1," +"&L5/100&"%"," +"&L5),VLOOKUP(K5,MAIN_STATS_TYPE,2,0)))&IF(N5=0,""," / "&IF(O5>0,VLOOKUP(N5,MAIN_STATS_TYPE,2,0)&IF(P5=1," +"&O5/100&"%"," +"&O5),VLOOKUP(N5,MAIN_STATS_TYPE,2,0)))&IF(Q5=0,""," / "&IF(R5>0,VLOOKUP(Q5,MAIN_STATS_TYPE,2,0)&IF(S5=1," +"&R5/100&"%"," +"&R5),VLOOKUP(Q5,MAIN_STATS_TYPE,2,0))) -> 공격력 +1
A6: =C6*100+COUNTIF($C$4:C6,C6) -> 10003 | B6: 상급 강화석 | C6: =100+VLOOKUP(B6,EQUIPMENT!B:C,2,0)*10+VLOOKUP(B6,EQUIPMENT!B:D,3,0) -> 100 | D6: 0 | E6: 0 | F6: 0 | G6: 0 | H6: 1 | I6: 1 | J6: 0 | K6: 0 | L6: 0 | M6: 0 | N6: 0 | O6: 0 | P6: 0 | Q6: 0 | R6: 0 | S6: 0 | T6: =IF(H6=0,"",IF(I6>0,VLOOKUP(H6,MAIN_STATS_TYPE,2,0)&IF(J6=1," +"&I6/100&"%"," +"&I6),VLOOKUP(H6,MAIN_STATS_TYPE,2,0)))&IF(K6=0,""," / "&IF(L6>0,VLOOKUP(K6,MAIN_STATS_TYPE,2,0)&IF(M6=1," +"&L6/100&"%"," +"&L6),VLOOKUP(K6,MAIN_STATS_TYPE,2,0)))&IF(N6=0,""," / "&IF(O6>0,VLOOKUP(N6,MAIN_STATS_TYPE,2,0)&IF(P6=1," +"&O6/100&"%"," +"&O6),VLOOKUP(N6,MAIN_STATS_TYPE,2,0)))&IF(Q6=0,""," / "&IF(R6>0,VLOOKUP(Q6,MAIN_STATS_TYPE,2,0)&IF(S6=1," +"&R6/100&"%"," +"&R6),VLOOKUP(Q6,MAIN_STATS_TYPE,2,0))) -> 공격력 +1
A7: =C7*100+COUNTIF($C$4:C7,C7) -> 10004 | B7: 최상급 강화석 | C7: =100+VLOOKUP(B7,EQUIPMENT!B:C,2,0)*10+VLOOKUP(B7,EQUIPMENT!B:D,3,0) -> 100 | D7: 0 | E7: 0 | F7: 0 | G7: 0 | H7: 1 | I7: 1 | J7: 0 | K7: 0 | L7: 0 | M7: 0 | N7: 0 | O7: 0 | P7: 0 | Q7: 0 | R7: 0 | S7: 0 | T7: =IF(H7=0,"",IF(I7>0,VLOOKUP(H7,MAIN_STATS_TYPE,2,0)&IF(J7=1," +"&I7/100&"%"," +"&I7),VLOOKUP(H7,MAIN_STATS_TYPE,2,0)))&IF(K7=0,""," / "&IF(L7>0,VLOOKUP(K7,MAIN_STATS_TYPE,2,0)&IF(M7=1," +"&L7/100&"%"," +"&L7),VLOOKUP(K7,MAIN_STATS_TYPE,2,0)))&IF(N7=0,""," / "&IF(O7>0,VLOOKUP(N7,MAIN_STATS_TYPE,2,0)&IF(P7=1," +"&O7/100&"%"," +"&O7),VLOOKUP(N7,MAIN_STATS_TYPE,2,0)))&IF(Q7=0,""," / "&IF(R7>0,VLOOKUP(Q7,MAIN_STATS_TYPE,2,0)&IF(S7=1," +"&R7/100&"%"," +"&R7),VLOOKUP(Q7,MAIN_STATS_TYPE,2,0))) -> 공격력 +1
A8: =C8*100+COUNTIF($C$4:C8,C8) -> 10005 | B8: 녹슨 스프링 | C8: =100+VLOOKUP(B8,EQUIPMENT!B:C,2,0)*10+VLOOKUP(B8,EQUIPMENT!B:D,3,0) -> 100 | D8: 0 | E8: 0 | F8: 0 | G8: 0 | H8: 1 | I8: 1 | J8: 0 | K8: 0 | L8: 0 | M8: 0 | N8: 0 | O8: 0 | P8: 0 | Q8: 0 | R8: 0 | S8: 0 | T8: =IF(H8=0,"",IF(I8>0,VLOOKUP(H8,MAIN_STATS_TYPE,2,0)&IF(J8=1," +"&I8/100&"%"," +"&I8),VLOOKUP(H8,MAIN_STATS_TYPE,2,0)))&IF(K8=0,""," / "&IF(L8>0,VLOOKUP(K8,MAIN_STATS_TYPE,2,0)&IF(M8=1," +"&L8/100&"%"," +"&L8),VLOOKUP(K8,MAIN_STATS_TYPE,2,0)))&IF(N8=0,""," / "&IF(O8>0,VLOOKUP(N8,MAIN_STATS_TYPE,2,0)&IF(P8=1," +"&O8/100&"%"," +"&O8),VLOOKUP(N8,MAIN_STATS_TYPE,2,0)))&IF(Q8=0,""," / "&IF(R8>0,VLOOKUP(Q8,MAIN_STATS_TYPE,2,0)&IF(S8=1," +"&R8/100&"%"," +"&R8),VLOOKUP(Q8,MAIN_STATS_TYPE,2,0))) -> 공격력 +1
A9: =C9*100+COUNTIF($C$4:C9,C9) -> 10006 | B9: 온전한 스프링 | C9: =100+VLOOKUP(B9,EQUIPMENT!B:C,2,0)*10+VLOOKUP(B9,EQUIPMENT!B:D,3,0) -> 100 | D9: 0 | E9: 0 | F9: 0 | G9: 0 | H9: 1 | I9: 1 | J9: 0 | K9: 0 | L9: 0 | M9: 0 | N9: 0 | O9: 0 | P9: 0 | Q9: 0 | R9: 0 | S9: 0 | T9: =IF(H9=0,"",IF(I9>0,VLOOKUP(H9,MAIN_STATS_TYPE,2,0)&IF(J9=1," +"&I9/100&"%"," +"&I9),VLOOKUP(H9,MAIN_STATS_TYPE,2,0)))&IF(K9=0,""," / "&IF(L9>0,VLOOKUP(K9,MAIN_STATS_TYPE,2,0)&IF(M9=1," +"&L9/100&"%"," +"&L9),VLOOKUP(K9,MAIN_STATS_TYPE,2,0)))&IF(N9=0,""," / "&IF(O9>0,VLOOKUP(N9,MAIN_STATS_TYPE,2,0)&IF(P9=1," +"&O9/100&"%"," +"&O9),VLOOKUP(N9,MAIN_STATS_TYPE,2,0)))&IF(Q9=0,""," / "&IF(R9>0,VLOOKUP(Q9,MAIN_STATS_TYPE,2,0)&IF(S9=1," +"&R9/100&"%"," +"&R9),VLOOKUP(Q9,MAIN_STATS_TYPE,2,0))) -> 공격력 +1
A10: =C10*100+COUNTIF($C$4:C10,C10) -> 10007 | B10: 크로뮴 스프링 | C10: =100+VLOOKUP(B10,EQUIPMENT!B:C,2,0)*10+VLOOKUP(B10,EQUIPMENT!B:D,3,0) -> 100 | D10: 0 | E10: 0 | F10: 0 | G10: 0 | H10: 1 | I10: 1 | J10: 0 | K10: 0 | L10: 0 | M10: 0 | N10: 0 | O10: 0 | P10: 0 | Q10: 0 | R10: 0 | S10: 0 | T10: =IF(H10=0,"",IF(I10>0,VLOOKUP(H10,MAIN_STATS_TYPE,2,0)&IF(J10=1," +"&I10/100&"%"," +"&I10),VLOOKUP(H10,MAIN_STATS_TYPE,2,0)))&IF(K10=0,""," / "&IF(L10>0,VLOOKUP(K10,MAIN_STATS_TYPE,2,0)&IF(M10=1," +"&L10/100&"%"," +"&L10),VLOOKUP(K10,MAIN_STATS_TYPE,2,0)))&IF(N10=0,""," / "&IF(O10>0,VLOOKUP(N10,MAIN_STATS_TYPE,2,0)&IF(P10=1," +"&O10/100&"%"," +"&O10),VLOOKUP(N10,MAIN_STATS_TYPE,2,0)))&IF(Q10=0,""," / "&IF(R10>0,VLOOKUP(Q10,MAIN_STATS_TYPE,2,0)&IF(S10=1," +"&R10/100&"%"," +"&R10),VLOOKUP(Q10,MAIN_STATS_TYPE,2,0))) -> 공격력 +1
A11: =C11*100+COUNTIF($C$4:C11,C11) -> 10008 | B11: 티타늄 스프링 | C11: =100+VLOOKUP(B11,EQUIPMENT!B:C,2,0)*10+VLOOKUP(B11,EQUIPMENT!B:D,3,0) -> 100 | D11: 0 | E11: 0 | F11: 0 | G11: 0 | H11: 1 | I11: 1 | J11: 0 | K11: 0 | L11: 0 | M11: 0 | N11: 0 | O11: 0 | P11: 0 | Q11: 0 | R11: 0 | S11: 0 | T11: =IF(H11=0,"",IF(I11>0,VLOOKUP(H11,MAIN_STATS_TYPE,2,0)&IF(J11=1," +"&I11/100&"%"," +"&I11),VLOOKUP(H11,MAIN_STATS_TYPE,2,0)))&IF(K11=0,""," / "&IF(L11>0,VLOOKUP(K11,MAIN_STATS_TYPE,2,0)&IF(M11=1," +"&L11/100&"%"," +"&L11),VLOOKUP(K11,MAIN_STATS_TYPE,2,0)))&IF(N11=0,""," / "&IF(O11>0,VLOOKUP(N11,MAIN_STATS_TYPE,2,0)&IF(P11=1," +"&O11/100&"%"," +"&O11),VLOOKUP(N11,MAIN_STATS_TYPE,2,0)))&IF(Q11=0,""," / "&IF(R11>0,VLOOKUP(Q11,MAIN_STATS_TYPE,2,0)&IF(S11=1," +"&R11/100&"%"," +"&R11),VLOOKUP(Q11,MAIN_STATS_TYPE,2,0))) -> 공격력 +1
A12: =C12*100+COUNTIF($C$4:C12,C12) -> 10009 | B12: 녹슨 해머 | C12: =100+VLOOKUP(B12,EQUIPMENT!B:C,2,0)*10+VLOOKUP(B12,EQUIPMENT!B:D,3,0) -> 100 | D12: 0 | E12: 0 | F12: 0 | G12: 0 | H12: 1 | I12: 1 | J12: 0 | K12: 0 | L12: 0 | M12: 0 | N12: 0 | O12: 0 | P12: 0 | Q12: 0 | R12: 0 | S12: 0 | T12: =IF(H12=0,"",IF(I12>0,VLOOKUP(H12,MAIN_STATS_TYPE,2,0)&IF(J12=1," +"&I12/100&"%"," +"&I12),VLOOKUP(H12,MAIN_STATS_TYPE,2,0)))&IF(K12=0,""," / "&IF(L12>0,VLOOKUP(K12,MAIN_STATS_TYPE,2,0)&IF(M12=1," +"&L12/100&"%"," +"&L12),VLOOKUP(K12,MAIN_STATS_TYPE,2,0)))&IF(N12=0,""," / "&IF(O12>0,VLOOKUP(N12,MAIN_STATS_TYPE,2,0)&IF(P12=1," +"&O12/100&"%"," +"&O12),VLOOKUP(N12,MAIN_STATS_TYPE,2,0)))&IF(Q12=0,""," / "&IF(R12>0,VLOOKUP(Q12,MAIN_STATS_TYPE,2,0)&IF(S12=1," +"&R12/100&"%"," +"&R12),VLOOKUP(Q12,MAIN_STATS_TYPE,2,0))) -> 공격력 +1
A13: =C13*100+COUNTIF($C$4:C13,C13) -> 10010 | B13: 온전한 해머 | C13: =100+VLOOKUP(B13,EQUIPMENT!B:C,2,0)*10+VLOOKUP(B13,EQUIPMENT!B:D,3,0) -> 100 | D13: 0 | E13: 0 | F13: 0 | G13: 0 | H13: 1 | I13: 1 | J13: 0 | K13: 0 | L13: 0 | M13: 0 | N13: 0 | O13: 0 | P13: 0 | Q13: 0 | R13: 0 | S13: 0 | T13: =IF(H13=0,"",IF(I13>0,VLOOKUP(H13,MAIN_STATS_TYPE,2,0)&IF(J13=1," +"&I13/100&"%"," +"&I13),VLOOKUP(H13,MAIN_STATS_TYPE,2,0)))&IF(K13=0,""," / "&IF(L13>0,VLOOKUP(K13,MAIN_STATS_TYPE,2,0)&IF(M13=1," +"&L13/100&"%"," +"&L13),VLOOKUP(K13,MAIN_STATS_TYPE,2,0)))&IF(N13=0,""," / "&IF(O13>0,VLOOKUP(N13,MAIN_STATS_TYPE,2,0)&IF(P13=1," +"&O13/100&"%"," +"&O13),VLOOKUP(N13,MAIN_STATS_TYPE,2,0)))&IF(Q13=0,""," / "&IF(R13>0,VLOOKUP(Q13,MAIN_STATS_TYPE,2,0)&IF(S13=1," +"&R13/100&"%"," +"&R13),VLOOKUP(Q13,MAIN_STATS_TYPE,2,0))) -> 공격력 +1
A14: =C14*100+COUNTIF($C$4:C14,C14) -> 10011 | B14: 크로뮴 해머 | C14: =100+VLOOKUP(B14,EQUIPMENT!B:C,2,0)*10+VLOOKUP(B14,EQUIPMENT!B:D,3,0) -> 100 | D14: 0 | E14: 0 | F14: 0 | G14: 0 | H14: 1 | I14: 1 | J14: 0 | K14: 0 | L14: 0 | M14: 0 | N14: 0 | O14: 0 | P14: 0 | Q14: 0 | R14: 0 | S14: 0 | T14: =IF(H14=0,"",IF(I14>0,VLOOKUP(H14,MAIN_STATS_TYPE,2,0)&IF(J14=1," +"&I14/100&"%"," +"&I14),VLOOKUP(H14,MAIN_STATS_TYPE,2,0)))&IF(K14=0,""," / "&IF(L14>0,VLOOKUP(K14,MAIN_STATS_TYPE,2,0)&IF(M14=1," +"&L14/100&"%"," +"&L14),VLOOKUP(K14,MAIN_STATS_TYPE,2,0)))&IF(N14=0,""," / "&IF(O14>0,VLOOKUP(N14,MAIN_STATS_TYPE,2,0)&IF(P14=1," +"&O14/100&"%"," +"&O14),VLOOKUP(N14,MAIN_STATS_TYPE,2,0)))&IF(Q14=0,""," / "&IF(R14>0,VLOOKUP(Q14,MAIN_STATS_TYPE,2,0)&IF(S14=1," +"&R14/100&"%"," +"&R14),VLOOKUP(Q14,MAIN_STATS_TYPE,2,0))) -> 공격력 +1
A15: =C15*100+COUNTIF($C$4:C15,C15) -> 10012 | B15: 티타늄 해머 | C15: =100+VLOOKUP(B15,EQUIPMENT!B:C,2,0)*10+VLOOKUP(B15,EQUIPMENT!B:D,3,0) -> 100 | D15: 0 | E15: 0 | F15: 0 | G15: 0 | H15: 1 | I15: 1 | J15: 0 | K15: 0 | L15: 0 | M15: 0 | N15: 0 | O15: 0 | P15: 0 | Q15: 0 | R15: 0 | S15: 0 | T15: =IF(H15=0,"",IF(I15>0,VLOOKUP(H15,MAIN_STATS_TYPE,2,0)&IF(J15=1," +"&I15/100&"%"," +"&I15),VLOOKUP(H15,MAIN_STATS_TYPE,2,0)))&IF(K15=0,""," / "&IF(L15>0,VLOOKUP(K15,MAIN_STATS_TYPE,2,0)&IF(M15=1," +"&L15/100&"%"," +"&L15),VLOOKUP(K15,MAIN_STATS_TYPE,2,0)))&IF(N15=0,""," / "&IF(O15>0,VLOOKUP(N15,MAIN_STATS_TYPE,2,0)&IF(P15=1," +"&O15/100&"%"," +"&O15),VLOOKUP(N15,MAIN_STATS_TYPE,2,0)))&IF(Q15=0,""," / "&IF(R15>0,VLOOKUP(Q15,MAIN_STATS_TYPE,2,0)&IF(S15=1," +"&R15/100&"%"," +"&R15),VLOOKUP(Q15,MAIN_STATS_TYPE,2,0))) -> 공격력 +1
... A518: =C518*100+COUNTIF($C$4:C518,C518) -> 13715 | B518: 스트릿 패션 시계 | C518: =100+VLOOKUP(B518,EQUIPMENT!B:C,2,0)*10+VLOOKUP(B518,EQUIPMENT!B:D,3,0) -> 137 | D518: 5 | E518: 0 | F518: 31141 | G518: 0 | H518: 3 | I518: 360 | J518: 0 | K518: 2 | L518: 2100 | M518: 0 | N518: 14 | O518: 900 | P518: 1 | Q518: 0 | R518: 0 | S518: 0 | T518: =IF(H518=0,"",IF(I518>0,VLOOKUP(H518,MAIN_STATS_TYPE,2,0)&IF(J518=1," +"&I518/100&"%"," +"&I518),VLOOKUP(H518,MAIN_STATS_TYPE,2,0)))&IF(K518=0,""," / "&IF(L518>0,VLOOKUP(K518,MAIN_STATS_TYPE,2,0)&IF(M518=1," +"&L518/100&"%"," +"&L518),VLOOKUP(K518,MAIN_STATS_TYPE,2,0)))&IF(N518=0,""," / "&IF(O518>0,VLOOKUP(N518,MAIN_STATS_TYPE,2,0)&IF(P518=1," +"&O518/100&"%"," +"&O518),VLOOKUP(N518,MAIN_STATS_TYPE,2,0)))&IF(Q518=0,""," / "&IF(R518>0,VLOOKUP(Q518,MAIN_STATS_TYPE,2,0)&IF(S518=1," +"&R518/100&"%"," +"&R518),VLOOKUP(Q518,MAIN_STATS_TYPE,2,0))) -> 치명 수치 +360 / 치명 대미지 +2100 / 체력 +9%

Sheet EQUIPMENT_LIMIT_BREAK
A1: 아이디 | B1: #장비 이름 | C1: 해방 등급 | D1: 대상 장비 아이디 | E1: 최대 레벨 | F1: 필요 크레딧 | G1: 장비 아이디_1 | H1: 개수_1 | I1: 장비 아이디_2 | J1: 개수_2 | K1: 장비 아이디_3 | L1: 개수_3 | M1: #장비 해방 설명
A2: ID | B2: EQUIPMENT_NAME | C2: LIMIT_BREAK_RANK | D2: EQUIPMENT_ID | E2: MAX_LEVEL | F2: NEED_CREDIT | G2: EQUIPMENT_ID_1 | H2: COUNT_1 | I2: EQUIPMENT_ID_2 | J2: COUNT_2 | K2: EQUIPMENT_ID_3 | L2: COUNT_3 | M2: RELEASE_DESC
A3: int | B3: 참조 | C3: int | D3: int | E3: int | F3: int | G3: int | H3: int | I3: int | J3: int | K3: int | L3: int | M3: 참조
A4: =D4*ID규칙_대상_장비_아이디_단위+C4 -> 101111 | B4: 무지 캡모자 | C4: 1 | D4: =INDEX(EQUIPMENT!$A:$A,MATCH(B4,EQUIPMENT!$B:$B,0)) -> 10111 | E4: 10 | F4: 1500 | G4: 10124 | H4: 15 | I4: 0 | J4: 0 | K4: 0 | L4: 0 | M4: =IF(F4=0,"-",IF(G4>0,INDEX(EQUIPMENT!B:B,MATCH(G4,EQUIPMENT!A:A,0))&" X"&H4,"")&IF(I4>0," / "&INDEX(EQUIPMENT!B:B,MATCH(I4,EQUIPMENT!A:A,0))&" X"&J4,"")&IF(K4>0," / "&INDEX(EQUIPMENT!B:B,MATCH(K4,EQUIPMENT!A:A,0))&" X"&L4,"")) -> 니트 털모자 설계도면 X15
A5: =D5*ID규칙_대상_장비_아이디_단위+C5 -> 101212 | B5: 니트 털모자 | C5: 2 | D5: =INDEX(EQUIPMENT!$A:$A,MATCH(B5,EQUIPMENT!$B:$B,0)) -> 10121 | E5: 20 | F5: 10000 | G5: 10134 | H5: 20 | I5: 0 | J5: 0 | K5: 0 | L5: 0 | M5: =IF(F5=0,"-",IF(G5>0,INDEX(EQUIPMENT!B:B,MATCH(G5,EQUIPMENT!A:A,0))&" X"&H5,"")&IF(I5>0," / "&INDEX(EQUIPMENT!B:B,MATCH(I5,EQUIPMENT!A:A,0))&" X"&J5,"")&IF(K5>0," / "&INDEX(EQUIPMENT!B:B,MATCH(K5,EQUIPMENT!A:A,0))&" X"&L5,"")) -> 빅 브라더 페도라 설계도면 X20
A6: =D6*ID규칙_대상_장비_아이디_단위+C6 -> 101313 | B6: 빅 브라더 페도라 | C6: 3 | D6: =INDEX(EQUIPMENT!$A:$A,MATCH(B6,EQUIPMENT!$B:$B,0)) -> 10131 | E6: 30 | F6: 25000 | G6: 10124 | H6: 10 | I6: 10144 | J6: 30 | K6: 0 | L6: 0 | M6: =IF(F6=0,"-",IF(G6>0,INDEX(EQUIPMENT!B:B,MATCH(G6,EQUIPMENT!A:A,0))&" X"&H6,"")&IF(I6>0," / "&INDEX(EQUIPMENT!B:B,MATCH(I6,EQUIPMENT!A:A,0))&" X"&J6,"")&IF(K6>0," / "&INDEX(EQUIPMENT!B:B,MATCH(K6,EQUIPMENT!A:A,0))&" X"&L6,"")) -> 니트 털모자 설계도면 X10 / 리본 베레모 설계도면 X30
A7: =D7*ID규칙_대상_장비_아이디_단위+C7 -> 101414 | B7: 리본 베레모 | C7: 4 | D7: =INDEX(EQUIPMENT!$A:$A,MATCH(B7,EQUIPMENT!$B:$B,0)) -> 10141 | E7: 40 | F7: 50000 | G7: 10124 | H7: 15 | I7: 10134 | J7: 20 | K7: 10154 | L7: 35 | M7: =IF(F7=0,"-",IF(G7>0,INDEX(EQUIPMENT!B:B,MATCH(G7,EQUIPMENT!A:A,0))&" X"&H7,"")&IF(I7>0," / "&INDEX(EQUIPMENT!B:B,MATCH(I7,EQUIPMENT!A:A,0))&" X"&J7,"")&IF(K7>0," / "&INDEX(EQUIPMENT!B:B,MATCH(K7,EQUIPMENT!A:A,0))&" X"&L7,"")) -> 니트 털모자 설계도면 X15 / 빅 브라더 페도라 설계도면 X20 / 방탄 헬멧 설계도면 X35
A8: =D8*ID규칙_대상_장비_아이디_단위+C8 -> 101515 | B8: 방탄 헬멧 | C8: 5 | D8: =INDEX(EQUIPMENT!$A:$A,MATCH(B8,EQUIPMENT!$B:$B,0)) -> 10151 | E8: 45 | F8: 75000 | G8: 10134 | H8: 5 | I8: 10144 | J8: 15 | K8: 10164 | L8: 40 | M8: =IF(F8=0,"-",IF(G8>0,INDEX(EQUIPMENT!B:B,MATCH(G8,EQUIPMENT!A:A,0))&" X"&H8,"")&IF(I8>0," / "&INDEX(EQUIPMENT!B:B,MATCH(I8,EQUIPMENT!A:A,0))&" X"&J8,"")&IF(K8>0," / "&INDEX(EQUIPMENT!B:B,MATCH(K8,EQUIPMENT!A:A,0))&" X"&L8,"")) -> 빅 브라더 페도라 설계도면 X5 / 리본 베레모 설계도면 X15 / 프릴 미니 햇 설계도면 X40
A9: =D9*ID규칙_대상_장비_아이디_단위+C9 -> 101616 | B9: 프릴 미니 햇 | C9: 6 | D9: =INDEX(EQUIPMENT!$A:$A,MATCH(B9,EQUIPMENT!$B:$B,0)) -> 10161 | E9: 50 | F9: 100000 | G9: 10144 | H9: 5 | I9: 10154 | J9: 15 | K9: 10174 | L9: 40 | M9: =IF(F9=0,"-",IF(G9>0,INDEX(EQUIPMENT!B:B,MATCH(G9,EQUIPMENT!A:A,0))&" X"&H9,"")&IF(I9>0," / "&INDEX(EQUIPMENT!B:B,MATCH(I9,EQUIPMENT!A:A,0))&" X"&J9,"")&IF(K9>0," / "&INDEX(EQUIPMENT!B:B,MATCH(K9,EQUIPMENT!A:A,0))&" X"&L9,"")) -> 리본 베레모 설계도면 X5 / 방탄 헬멧 설계도면 X15 / 버킷 햇 설계도면 X40
A10: =D10*ID규칙_대상_장비_아이디_단위+C10 -> 101717 | B10: 버킷 햇 | C10: 7 | D10: =INDEX(EQUIPMENT!$A:$A,MATCH(B10,EQUIPMENT!$B:$B,0)) -> 10171 | E10: 55 | F10: 0 | G10: 0 | H10: 0 | I10: 0 | J10: 0 | K10: 0 | L10: 0 | M10: =IF(F10=0,"-",IF(G10>0,INDEX(EQUIPMENT!B:B,MATCH(G10,EQUIPMENT!A:A,0))&" X"&H10,"")&IF(I10>0," / "&INDEX(EQUIPMENT!B:B,MATCH(I10,EQUIPMENT!A:A,0))&" X"&J10,"")&IF(K10>0," / "&INDEX(EQUIPMENT!B:B,MATCH(K10,EQUIPMENT!A:A,0))&" X"&L10,"")) -> -
A11: =D11*ID규칙_대상_장비_아이디_단위+C11 -> 101121 | B11: 스포츠용 장갑 | C11: 1 | D11: =INDEX(EQUIPMENT!$A:$A,MATCH(B11,EQUIPMENT!$B:$B,0)) -> 10112 | E11: 10 | F11: 1500 | G11: 10125 | H11: 15 | I11: 0 | J11: 0 | K11: 0 | L11: 0 | M11: =IF(F11=0,"-",IF(G11>0,INDEX(EQUIPMENT!B:B,MATCH(G11,EQUIPMENT!A:A,0))&" X"&H11,"")&IF(I11>0," / "&INDEX(EQUIPMENT!B:B,MATCH(I11,EQUIPMENT!A:A,0))&" X"&J11,"")&IF(K11>0," / "&INDEX(EQUIPMENT!B:B,MATCH(K11,EQUIPMENT!A:A,0))&" X"&L11,"")) -> 니트 벙어리 장갑 설계도면 X15
A12: =D12*ID규칙_대상_장비_아이디_단위+C12 -> 101222 | B12: 니트 벙어리 장갑 | C12: 2 | D12: =INDEX(EQUIPMENT!$A:$A,MATCH(B12,EQUIPMENT!$B:$B,0)) -> 10122 | E12: 20 | F12: 10000 | G12: 10135 | H12: 20 | I12: 0 | J12: 0 | K12: 0 | L12: 0 | M12: =IF(F12=0,"-",IF(G12>0,INDEX(EQUIPMENT!B:B,MATCH(G12,EQUIPMENT!A:A,0))&" X"&H12,"")&IF(I12>0," / "&INDEX(EQUIPMENT!B:B,MATCH(I12,EQUIPMENT!A:A,0))&" X"&J12,"")&IF(K12>0," / "&INDEX(EQUIPMENT!B:B,MATCH(K12,EQUIPMENT!A:A,0))&" X"&L12,"")) -> 페로로 오븐 장갑 설계도면 X20
A13: =D13*ID규칙_대상_장비_아이디_단위+C13 -> 101323 | B13: 페로로 오븐 장갑 | C13: 3 | D13: =INDEX(EQUIPMENT!$A:$A,MATCH(B13,EQUIPMENT!$B:$B,0)) -> 10132 | E13: 30 | F13: 25000 | G13: 10125 | H13: 10 | I13: 10145 | J13: 30 | K13: 0 | L13: 0 | M13: =IF(F13=0,"-",IF(G13>0,INDEX(EQUIPMENT!B:B,MATCH(G13,EQUIPMENT!A:A,0))&" X"&H13,"")&IF(I13>0," / "&INDEX(EQUIPMENT!B:B,MATCH(I13,EQUIPMENT!A:A,0))&" X"&J13,"")&IF(K13>0," / "&INDEX(EQUIPMENT!B:B,MATCH(K13,EQUIPMENT!A:A,0))&" X"&L13,"")) -> 니트 벙어리 장갑 설계도면 X10 / 가죽 글러브 설계도면 X30
A14: =D14*ID규칙_대상_장비_아이디_단위+C14 -> 101424 | B14: 가죽 글러브 | C14: 4 | D14: =INDEX(EQUIPMENT!$A:$A,MATCH(B14,EQUIPMENT!$B:$B,0)) -> 10142 | E14: 40 | F14: 50000 | G14: 10125 | H14: 15 | I14: 10135 | J14: 20 | K14: 10155 | L14: 35 | M14: =IF(F14=0,"-",IF(G14>0,INDEX(EQUIPMENT!B:B,MATCH(G14,EQUIPMENT!A:A,0))&" X"&H14,"")&IF(I14>0," / "&INDEX(EQUIPMENT!B:B,MATCH(I14,EQUIPMENT!A:A,0))&" X"&J14,"")&IF(K14>0," / "&INDEX(EQUIPMENT!B:B,MATCH(K14,EQUIPMENT!A:A,0))&" X"&L14,"")) -> 니트 벙어리 장갑 설계도면 X15 / 페로로 오븐 장갑 설계도면 X20 / 택티컬 글러브 설계도면 X35
A15: =D15*ID규칙_대상_장비_아이디_단위+C15 -> 101525 | B15: 택티컬 글러브 | C15: 5 | D15: =INDEX(EQUIPMENT!$A:$A,MATCH(B15,EQUIPMENT!$B:$B,0)) -> 10152 | E15: 45 | F15: 75000 | G15: 10135 | H15: 5 | I15: 10145 | J15: 15 | K15: 10165 | L15: 40 | M15: =IF(F15=0,"-",IF(G15>0,INDEX(EQUIPMENT!B:B,MATCH(G15,EQUIPMENT!A:A,0))&" X"&H15,"")&IF(I15>0," / "&INDEX(EQUIPMENT!B:B,MATCH(I15,EQUIPMENT!A:A,0))&" X"&J15,"")&IF(K15>0," / "&INDEX(EQUIPMENT!B:B,MATCH(K15,EQUIPMENT!A:A,0))&" X"&L15,"")) -> 페로로 오븐 장갑 설계도면 X5 / 가죽 글러브 설계도면 X15 / 레이스 글러브 설계도면 X40
... A66: =D66*ID규칙_대상_장비_아이디_단위+C66 -> 103737 | B66: 스트릿 패션 시계 | C66: 7 | D66: =INDEX(EQUIPMENT!$A:$A,MATCH(B66,EQUIPMENT!$B:$B,0)) -> 10373 | E66: 55 | F66: 0 | G66: 0 | H66: 0 | I66: 0 | J66: 0 | K66: 0 | L66: 0 | M66: =IF(F66=0,"-",IF(G66>0,INDEX(EQUIPMENT!B:B,MATCH(G66,EQUIPMENT!A:A,0))&" X"&H66,"")&IF(I66>0," / "&INDEX(EQUIPMENT!B:B,MATCH(I66,EQUIPMENT!A:A,0))&" X"&J66,"")&IF(K66>0," / "&INDEX(EQUIPMENT!B:B,MATCH(K66,EQUIPMENT!A:A,0))&" X"&L66,"")) -> -

Sheet STAGE
A1: 아이디 | B1: 난이도 | C1: 챕터 | D1: 스테이지 | E1: 스테이지 이름 | F1: #스테이지 이름
A2: ID | B2: DIFFICULTY | C2: CHAPTER | D2: STAGE | E2: STAGE_NAME | F2: STAGE_NAME
A3: int | B3: int | C3: int | D3: int | E3: string | F3: 참조
A4: =ID규칙_스테이지_아이디_단위+B4*ID규칙_스테이지_난이도_단위+C4*ID규칙_스테이지_챕터_단위+D4 -> 11011 | B4: 1 | C4: 1 | D4: =COUNTIF($C$4:C4,C4) -> 1 | E4: ="STAGE_NAME_"&A4 -> STAGE_NAME_11011 | F4: ="임무 "&C4&"-"&D4&" ["&VLOOKUP(B4,STAGE_DIFFICULTY,2,0)&"]" -> 임무 1-1 [Normal]
A5: =ID규칙_스테이지_아이디_단위+B5*ID규칙_스테이지_난이도_단위+C5*ID규칙_스테이지_챕터_단위+D5 -> 11012 | B5: 1 | C5: 1 | D5: 2 | E5: ="STAGE_NAME_"&A5 -> STAGE_NAME_11012 | F5: ="임무 "&C5&"-"&D5&" ["&VLOOKUP(B5,STAGE_DIFFICULTY,2,0)&"]" -> 임무 1-2 [Normal]
A6: =ID규칙_스테이지_아이디_단위+B6*ID규칙_스테이지_난이도_단위+C6*ID규칙_스테이지_챕터_단위+D6 -> 11013 | B6: 1 | C6: 1 | D6: 3 | E6: ="STAGE_NAME_"&A6 -> STAGE_NAME_11013 | F6: ="임무 "&C6&"-"&D6&" ["&VLOOKUP(B6,STAGE_DIFFICULTY,2,0)&"]" -> 임무 1-3 [Normal]
A7: =ID규칙_스테이지_아이디_단위+B7*ID규칙_스테이지_난이도_단위+C7*ID규칙_스테이지_챕터_단위+D7 -> 11014 | B7: 1 | C7: 1 | D7: 4 | E7: ="STAGE_NAME_"&A7 -> STAGE_NAME_11014 | F7: ="임무 "&C7&"-"&D7&" ["&VLOOKUP(B7,STAGE_DIFFICULTY,2,0)&"]" -> 임무 1-4 [Normal]
A8: =ID규칙_스테이지_아이디_단위+B8*ID규칙_스테이지_난이도_단위+C8*ID규칙_스테이지_챕터_단위+D8 -> 11015 | B8: 1 | C8: 1 | D8: 5 | E8: ="STAGE_NAME_"&A8 -> STAGE_NAME_11015 | F8: ="임무 "&C8&"-"&D8&" ["&VLOOKUP(B8,STAGE_DIFFICULTY,2,0)&"]" -> 임무 1-5 [Normal]
A9: =ID규칙_스테이지_아이디_단위+B9*ID규칙_스테이지_난이도_단위+C9*ID규칙_스테이지_챕터_단위+D9 -> 11021 | B9: 1 | C9: 2 | D9: 1 | E9: ="STAGE_NAME_"&A9 -> STAGE_NAME_11021 | F9: ="임무 "&C9&"-"&D9&" ["&VLOOKUP(B9,STAGE_DIFFICULTY,2,0)&"]" -> 임무 2-1 [Normal]
A10: =ID규칙_스테이지_아이디_단위+B10*ID규칙_스테이지_난이도_단위+C10*ID규칙_스테이지_챕터_단위+D10 -> 11022 | B10: 1 | C10: 2 | D10: 2 | E10: ="STAGE_NAME_"&A10 -> STAGE_NAME_11022 | F10: ="임무 "&C10&"-"&D10&" ["&VLOOKUP(B10,STAGE_DIFFICULTY,2,0)&"]" -> 임무 2-2 [Normal]
A11: =ID규칙_스테이지_아이디_단위+B11*ID규칙_스테이지_난이도_단위+C11*ID규칙_스테이지_챕터_단위+D11 -> 11023 | B11: 1 | C11: 2 | D11: 3 | E11: ="STAGE_NAME_"&A11 -> STAGE_NAME_11023 | F11: ="임무 "&C11&"-"&D11&" ["&VLOOKUP(B11,STAGE_DIFFICULTY,2,0)&"]" -> 임무 2-3 [Normal]
A12: =ID규칙_스테이지_아이디_단위+B12*ID규칙_스테이지_난이도_단위+C12*ID규칙_스테이지_챕터_단위+D12 -> 11024 | B12: 1 | C12: 2 | D12: 4 | E12: ="STAGE_NAME_"&A12 -> STAGE_NAME_11024 | F12: ="임무 "&C12&"-"&D12&" ["&VLOOKUP(B12,STAGE_DIFFICULTY,2,0)&"]" -> 임무 2-4 [Normal]
A13: =ID규칙_스테이지_아이디_단위+B13*ID규칙_스테이지_난이도_단위+C13*ID규칙_스테이지_챕터_단위+D13 -> 11025 | B13: 1 | C13: 2 | D13: 5 | E13: ="STAGE_NAME_"&A13 -> STAGE_NAME_11025 | F13: ="임무 "&C13&"-"&D13&" ["&VLOOKUP(B13,STAGE_DIFFICULTY,2,0)&"]" -> 임무 2-5 [Normal]
A14: =ID규칙_스테이지_아이디_단위+B14*ID규칙_스테이지_난이도_단위+C14*ID규칙_스테이지_챕터_단위+D14 -> 11031 | B14: 1 | C14: 3 | D14: 1 | E14: ="STAGE_NAME_"&A14 -> STAGE_NAME_11031 | F14: ="임무 "&C14&"-"&D14&" ["&VLOOKUP(B14,STAGE_DIFFICULTY,2,0)&"]" -> 임무 3-1 [Normal]
A15: =ID규칙_스테이지_아이디_단위+B15*ID규칙_스테이지_난이도_단위+C15*ID규칙_스테이지_챕터_단위+D15 -> 11032 | B15: 1 | C15: 3 | D15: 2 | E15: ="STAGE_NAME_"&A15 -> STAGE_NAME_11032 | F15: ="임무 "&C15&"-"&D15&" ["&VLOOKUP(B15,STAGE_DIFFICULTY,2,0)&"]" -> 임무 3-2 [Normal]
A16: =ID규칙_스테이지_아이디_단위+B16*ID규칙_스테이지_난이도_단위+C16*ID규칙_스테이지_챕터_단위+D16 -> 11033 | B16: 1 | C16: 3 | D16: 3 | E16: ="STAGE_NAME_"&A16 -> STAGE_NAME_11033 | F16: ="임무 "&C16&"-"&D16&" ["&VLOOKUP(B16,STAGE_DIFFICULTY,2,0)&"]" -> 임무 3-3 [Normal]
... A233: =ID규칙_스테이지_아이디_단위+B233*ID규칙_스테이지_난이도_단위+C233*ID규칙_스테이지_챕터_단위+D233 -> 12235 | B233: 2 | C233: 23 | D233: 5 | E233: ="STAGE_NAME_"&A233 -> STAGE_NAME_12235 | F233: ="임무 "&C233&"-"&D233&" ["&VLOOKUP(B233,STAGE_DIFFICULTY,2,0)&"]" -> 임무 23-5 [Hard]

Sheet STRING
A1: STRING_KEY | B1: DESC
A2: string | B2: string
A3: WEAPON_NAME_1130103 | B3: WHITE FANG 465
A4: WEAPON_NAME_1230205 | B4: 호루스의 눈
A5: WEAPON_NAME_1120303 | B5: 신시어리티
A6: WEAPON_NAME_1120406 | B6: 미니 NO.5
A7: WEAPON_NAME_2320101 | B7: 상식적 수단
A8: WEAPON_NAME_1130504 | B8: 와인레드·어드마이어
A9: WEAPON_NAME_1120606 | B9: 트릭 오어 트릭
A10: WEAPON_NAME_1420701 | B10: 데몬스 로어
A11: WEAPON_NAME_1110805 | B11: 블로우 어웨이
A12: WEAPON_NAME_1130906 | B12: 종막의 디스트로이어
... A6533: ITEM_LIST_SORT_BUTTON_CONFIRM | B6533: 확인
